"count","test_day","probe_asn"
6,"2019-11-10 00:00:00",0
13,"2019-11-10 00:00:00",12880
1108,"2019-11-10 00:00:00",31549
94,"2019-11-10 00:00:00",44244
5,"2019-11-10 00:00:00",44889
1,"2019-11-10 00:00:00",50810
1,"2019-11-10 00:00:00",51541
2,"2019-11-10 00:00:00",57218
1,"2019-11-10 00:00:00",58085
2,"2019-11-10 00:00:00",58224
91,"2019-11-10 00:00:00",197207
1,"2019-11-11 00:00:00",12880
1,"2019-11-11 00:00:00",31549
2,"2019-11-11 00:00:00",43754
45,"2019-11-11 00:00:00",44244
1,"2019-11-11 00:00:00",44285
3,"2019-11-11 00:00:00",44889
1,"2019-11-11 00:00:00",47262
5,"2019-11-11 00:00:00",48159
1,"2019-11-11 00:00:00",50810
3,"2019-11-11 00:00:00",58085
2,"2019-11-11 00:00:00",64413
20,"2019-11-11 00:00:00",197207
17,"2019-11-12 00:00:00",12880
2,"2019-11-12 00:00:00",16322
1,"2019-11-12 00:00:00",25124
24,"2019-11-12 00:00:00",31549
13,"2019-11-12 00:00:00",43754
88,"2019-11-12 00:00:00",44244
6,"2019-11-12 00:00:00",44889
12,"2019-11-12 00:00:00",51541
6,"2019-11-12 00:00:00",57218
32,"2019-11-12 00:00:00",64413
83,"2019-11-12 00:00:00",197207
4,"2019-11-13 00:00:00",0
3,"2019-11-13 00:00:00",12880
31,"2019-11-13 00:00:00",16322
21,"2019-11-13 00:00:00",31549
4,"2019-11-13 00:00:00",43754
37,"2019-11-13 00:00:00",44244
5,"2019-11-13 00:00:00",44889
1,"2019-11-13 00:00:00",47262
3,"2019-11-13 00:00:00",48159
8,"2019-11-13 00:00:00",49100
18,"2019-11-13 00:00:00",50810
1,"2019-11-13 00:00:00",56402
13,"2019-11-13 00:00:00",57218
2,"2019-11-13 00:00:00",58224
3,"2019-11-13 00:00:00",59587
28,"2019-11-13 00:00:00",197207
1,"2019-11-14 00:00:00",0
1,"2019-11-14 00:00:00",12880
1,"2019-11-14 00:00:00",25124
3,"2019-11-14 00:00:00",31549
5,"2019-11-14 00:00:00",39501
6,"2019-11-14 00:00:00",43754
58,"2019-11-14 00:00:00",44244
2,"2019-11-14 00:00:00",50810
7,"2019-11-14 00:00:00",57218
86,"2019-11-14 00:00:00",197207
17,"2019-11-14 00:00:00",206065
3,"2019-11-15 00:00:00",0
2,"2019-11-15 00:00:00",12880
2,"2019-11-15 00:00:00",16322
4,"2019-11-15 00:00:00",31549
2,"2019-11-15 00:00:00",43754
74,"2019-11-15 00:00:00",44244
2,"2019-11-15 00:00:00",48159
1,"2019-11-15 00:00:00",50810
1,"2019-11-15 00:00:00",56402
10,"2019-11-15 00:00:00",57218
6,"2019-11-15 00:00:00",58224
13,"2019-11-15 00:00:00",197207
3,"2019-11-15 00:00:00",201150
1,"2019-11-16 00:00:00",12880
920,"2019-11-16 00:00:00",16322
3,"2019-11-16 00:00:00",25124
2,"2019-11-16 00:00:00",39501
32,"2019-11-16 00:00:00",44244
1,"2019-11-16 00:00:00",48159
11,"2019-11-16 00:00:00",49100
3,"2019-11-16 00:00:00",50810
34,"2019-11-16 00:00:00",57218
56,"2019-11-16 00:00:00",58224
31,"2019-11-16 00:00:00",197207
1,"2019-11-17 00:00:00",48159
13,"2019-11-18 00:00:00",60631
1,"2019-11-19 00:00:00",44889
21,"2019-11-21 00:00:00",0
1,"2019-11-21 00:00:00",29068
40,"2019-11-21 00:00:00",197207
3,"2019-11-22 00:00:00",44889
21,"2019-11-22 00:00:00",56402
6,"2019-11-22 00:00:00",57457
61,"2019-11-23 00:00:00",16322
15,"2019-11-23 00:00:00",39074
17,"2019-11-23 00:00:00",42337
1,"2019-11-23 00:00:00",48159
14,"2019-11-23 00:00:00",48431
7,"2019-11-23 00:00:00",56402
10,"2019-11-23 00:00:00",57497
9,"2019-11-23 00:00:00",58224
