domain,covered_days,total_count,avg_cnt_per_day,confirmed_asns,cnt_asns,cnt_confirmed_asns,last_msmt_day,first_msmt_day,last_confirmed_day,first_confirmed_day
delo.ua,156,10872,69.69230769,"[50544, 34533, 39927, 29124, 57026, 51645, 12668, 41668, 29226, 57044, 15774, 8331, 41733, 41754, 12768, 51570]",255,16,2024-08-31,2024-03-29,2024-08-31,2024-03-29
dev.ua,156,10540,67.56410256,"[50544, 34533, 29124, 57026, 51645, 12668, 41668, 29226, 15774, 57044, 8331, 41733, 43478, 41754, 12768]",255,15,2024-08-31,2024-03-29,2024-08-31,2024-03-30
is.fi,68,4013,59.01470588,"[50544, 39927, 29124, 57026, 51645, 12668, 29226, 57044, 31205, 8331, 41733, 43478, 41754, 12768, 51570]",179,15,2024-08-31,2024-06-25,2024-08-31,2024-06-26
baku.ws,366,12799,34.96994536,"[52125, 49392]",428,2,2024-08-31,2023-09-01,2024-06-23,2024-05-14
www.5.ua,366,13380,36.55737705,"[56420, 50544, 34533, 39927, 29124, 42682, 57026, 57378, 51645, 12668, 41668, 29226, 57044, 51604, 41733, 8331, 41754, 41786, 12768]",286,19,2024-08-31,2023-09-01,2024-08-28,2023-09-01
rdo.rs,156,7422,47.57692308,"[50544, 34533, 47111, 29124, 39927, 57026, 51645, 12668, 41668, 29226, 15774, 57044, 41682, 8331, 41733, 41754, 12768]",208,17,2024-08-31,2024-03-29,2024-08-31,2024-03-29
myc.news,156,8185,52.46794872,"[50544, 39927, 34533, 29124, 57026, 51645, 12668, 29226, 15774, 57044, 31205, 41682, 51604, 41733, 8331, 43478, 12768]",220,17,2024-08-31,2024-03-29,2024-08-30,2024-03-30
fakty.ua,156,9969,63.90384615,"[50544, 39927, 34533, 29124, 57026, 51645, 12668, 41668, 29226, 15774, 57044, 41682, 51604, 8331, 41733, 43478, 41754, 12768]",248,18,2024-08-31,2024-03-29,2024-08-31,2024-03-30
svtv.org,366,18792,51.3442623,"[56420, 50544, 34533, 29124, 42682, 42683, 57026, 57378, 51645, 12668, 41668, 29226, 15774, 34150, 57044, 8331, 41733, 41754, 41786, 41843, 12768, 51570]",299,22,2024-08-31,2023-09-01,2024-08-31,2023-09-01
atr.ua,366,29149,79.6420765,"[31363, 56420, 50544, 34533, 39927, 29124, 42682, 42683, 57026, 57378, 42116, 51645, 12668, 41668, 29226, 15774, 50543, 57044, 49048, 41682, 8331, 41733, 51035, 41754, 43478, 41786, 31208, 12768, 51570]",437,29,2024-08-31,2023-09-01,2024-08-31,2023-09-01
oxu.az,366,13653,37.30327869,"[56420, 50544, 34533, 24955, 29124, 39927, 42682, 42683, 57026, 57378, 42116, 51645, 12668, 41668, 29226, 15774, 57044, 31205, 41682, 51604, 41733, 43478, 41754, 41786, 41843, 12768]",318,26,2024-08-31,2023-09-01,2024-08-26,2023-09-01
tsn.ua,366,12235,33.42896175,"[56420, 50544, 34533, 39927, 29124, 42682, 57026, 57378, 51645, 12668, 41668, 29226, 15774, 8331, 41733, 41754, 41786, 41843, 12768, 51570]",294,20,2024-08-31,2023-09-01,2024-08-30,2023-09-01
24tv.ua,366,31767,86.79508197,"[56420, 50544, 34533, 39927, 29124, 24955, 42682, 42683, 57026, 57378, 42116, 51645, 12668, 41668, 29226, 15774, 31205, 50543, 57044, 49048, 41682, 8331, 41733, 51035, 41754, 43478, 41786, 56330, 31208, 12768, 51570]",459,31,2024-08-31,2023-09-01,2024-08-31,2023-09-01
focus.ua,366,24639,67.31967213,"[56420, 50544, 34533, 39927, 29124, 24955, 42682, 42683, 57026, 57378, 42116, 51645, 12668, 41668, 29226, 15774, 57044, 49048, 41682, 8331, 41733, 50512, 51604, 51035, 41754, 43478, 56330, 12768, 51570]",375,29,2024-08-31,2023-09-01,2024-08-31,2023-09-01
yle.fi,68,3018,44.38235294,"[41754, 57026, 50544, 39927, 51645, 41733, 12668, 12768]",135,8,2024-08-31,2024-06-25,2024-08-31,2024-06-25
polit.ru,366,17461,47.70765027,"[50544, 34533, 39927, 29124, 42682, 57026, 51645, 12668, 29226, 15774, 57044, 41682, 51604, 41733, 41754, 12768, 51570]",316,17,2024-08-31,2023-09-01,2024-08-30,2024-04-09
usa.one,156,7048,45.17948718,"[50544, 34533, 29124, 57026, 51645, 12668, 29226, 15774, 57044, 51604, 41733, 8331, 41754, 12768]",200,14,2024-08-31,2024-03-29,2024-08-31,2024-03-30
nv.ua,366,20140,55.0273224,"[56420, 50544, 34533, 39927, 29124, 42682, 42683, 57026, 57378, 42116, 51645, 12668, 41668, 29226, 15774, 57044, 41682, 51604, 41733, 43478, 41754, 41786, 12768]",321,23,2024-08-31,2023-09-01,2024-08-30,2023-09-01
knews.kg,156,4961,31.80128205,"[50544, 39927, 34533, 51645, 29226, 15774, 57044, 31205, 41682, 8331, 41733, 51604, 43478, 12768, 51570]",230,15,2024-08-31,2024-03-29,2024-08-31,2024-03-30
diena.lv,68,5099,74.98529412,"[50544, 39927, 29124, 57026, 51645, 57044, 41733, 43478, 41754, 12768]",196,10,2024-08-31,2024-06-25,2024-08-31,2024-06-25
lb.ua,366,21256,58.07650273,"[50544, 39927, 34533, 29124, 24955, 42682, 42683, 57026, 57378, 42116, 51645, 12668, 41668, 29226, 15774, 57044, 31205, 49048, 41682, 51604, 41733, 8331, 43478, 41754, 51035, 15378, 12768, 51570]",345,28,2024-08-31,2023-09-01,2024-08-31,2023-09-01
frant.me,156,9583,61.42948718,"[50544, 34533, 39927, 29124, 42682, 57026, 51645, 12668, 41668, 29226, 15774, 57044, 41682, 8331, 41733, 51604, 43478, 41754, 12768, 51570]",241,20,2024-08-31,2024-03-29,2024-08-31,2024-03-30
mbk.news,366,20674,56.4863388,"[56420, 50544, 34533, 24955, 29124, 39927, 42682, 42683, 57026, 57378, 42116, 51645, 12668, 41668, 29226, 15774, 57044, 31205, 41682, 8331, 41733, 51604, 43478, 41754, 41786, 15378, 12768, 51570]",331,28,2024-08-31,2023-09-01,2024-08-31,2023-09-01
fergana.news,366,14932,40.79781421,"[56420, 50544, 34533, 39927, 42683, 57026, 57378, 42116, 51645, 41668, 29226, 15774, 57044, 49048, 41682, 51604, 41733, 8331, 50512, 43478, 41754, 51035, 41786, 56330, 41843, 12768]",376,26,2024-08-31,2023-09-01,2024-08-31,2023-09-09
www.liga.net,366,16566,45.26229508,"[50544, 39927, 24955, 29124, 34533, 42682, 57026, 57378, 51645, 12668, 41668, 29226, 15774, 31205, 8331, 41733, 50512, 51035, 41754, 41843, 12768, 51570]",256,22,2024-08-31,2023-09-01,2024-08-31,2023-09-01
torontovka.com,156,6979,44.73717949,"[50544, 34533, 29124, 57026, 51645, 12668, 29226, 15774, 57044, 8331, 41733, 51604, 41754, 12768, 51570]",200,15,2024-08-31,2024-03-29,2024-08-31,2024-03-30
rusplt.ru,366,18809,51.39071038,"[56420, 50544, 34533, 39927, 29124, 24955, 42682, 42683, 57026, 57378, 42116, 51645, 12668, 41668, 29226, 15774, 57044, 34150, 8331, 41733, 41754, 41786, 12768, 51570]",304,24,2024-08-31,2023-09-01,2024-08-31,2023-09-01
www.proekt.media,366,16988,46.41530055,"[50544, 39927, 24955, 29124, 34533, 42682, 57026, 57378, 51645, 12668, 41668, 29226, 15774, 50512, 41733, 51035, 41754, 12768, 51570]",250,19,2024-08-31,2023-09-01,2024-08-31,2023-09-01
helpdesk.media,366,22778,62.23497268,"[56420, 50544, 34533, 39927, 29124, 24955, 42682, 42683, 57026, 57378, 42116, 51645, 12668, 41668, 29226, 15774, 57044, 49048, 41682, 50512, 41733, 8331, 51604, 43478, 41754, 51035, 41786, 41843, 12768, 51570]",355,30,2024-08-31,2023-09-01,2024-08-31,2023-09-01
spektr.press,156,7250,46.47435897,"[50544, 34533, 29124, 57026, 51645, 12668, 29226, 15774, 57044, 31133, 8331, 41733, 41754, 12768]",202,14,2024-08-31,2024-03-29,2024-08-30,2024-03-30
manas.news,156,7958,51.01282051,"[50544, 39927, 34533, 57026, 51645, 12668, 29226, 15774, 57044, 41682, 8331, 41733, 51604, 43478, 41754, 12768, 51570]",222,17,2024-08-31,2024-03-29,2024-08-31,2024-03-30
www.facebook.com,366,444684,1214.983607,"[31363, 212740, 52125, 34533, 39927, 6672, 42116, 50498, 41668, 50543, 41733, 34590, 31208, 12768, 20485, 12772, 16345, 56420, 29124, 42683, 34150, 41727, 56981, 41682, 49392, 50512, 43478, 51035, 41754, 56330, 41843, 31484, 51570, 31213, 52207, 51645, 12668, 29226, 57044, 8331, 51604, 39028, 50542, 41786, 15378, 49342, 50544, 24955, 20807, 42682, 57026, 57378, 15774, 31205, 25408, 49048, 41661]",813,57,2024-08-31,2023-09-01,2024-08-31,2023-09-01
paperpaper.io,156,5692,36.48717949,"[50544, 39927, 34533, 29124, 57026, 51645, 12668, 29226, 57044, 15774, 41682, 51604, 41733, 43478, 12768, 51570]",213,16,2024-08-31,2024-03-29,2024-08-27,2024-03-30
glavnoe.in.ua,366,21038,57.48087432,"[56420, 50544, 39927, 34533, 29124, 24955, 42682, 42683, 57026, 57378, 42116, 51645, 12668, 41668, 29226, 15774, 57044, 49048, 41682, 8331, 41733, 50512, 51035, 41754, 43478, 41786, 56330, 12768]",363,28,2024-08-31,2023-09-01,2024-08-31,2023-09-01
vlasti.net,366,18162,49.62295082,"[56420, 50544, 34533, 24955, 29124, 42682, 57026, 57378, 51645, 12668, 41668, 29226, 15774, 57044, 8331, 41733, 51604, 41754, 12768]",291,19,2024-08-31,2023-09-01,2024-08-30,2023-09-01
nr2.com.ua,366,19936,54.46994536,"[56420, 50544, 39927, 34533, 29124, 42682, 42683, 57026, 57378, 42116, 51645, 12668, 41668, 29226, 57044, 31205, 15774, 41682, 8331, 41733, 51604, 43478, 41754, 41786, 12768]",321,25,2024-08-31,2023-09-01,2024-08-30,2023-09-01
trv-science.org,156,7113,45.59615385,"[50544, 34533, 57026, 51645, 12668, 29226, 57044, 15774, 51604, 41733, 8331, 41754, 12768, 51570]",200,14,2024-08-31,2024-03-29,2024-08-31,2024-03-30
minval.az,366,12113,33.09562842,"[56420, 50544, 34533, 39927, 29124, 24955, 42682, 42683, 57026, 57378, 42116, 51645, 12668, 41668, 29226, 57044, 15774, 31205, 41682, 51604, 41733, 8331, 43478, 41754, 41786, 12768, 51570]",324,27,2024-08-31,2023-09-01,2024-08-31,2023-09-01
golos-kubani.ru,366,22921,62.62568306,"[56420, 50544, 34533, 39927, 29124, 24955, 42682, 42683, 57026, 57378, 42116, 51645, 12668, 41668, 29226, 15774, 57044, 49048, 41682, 8331, 41733, 50512, 51035, 41754, 43478, 41786, 56330, 12768, 51570]",362,29,2024-08-31,2023-09-01,2024-08-31,2023-09-01
www.rfi.fr,366,20039,54.75136612,"[31363, 44579, 56699, 34533, 42574, 42132, 50498, 47321, 8359, 41668, 28891, 35598, 60771, 8752, 41733, 24739, 8905, 42610, 12494, 12768, 50473, 20485, 16345, 29124, 12714, 210616, 25513, 13296, 8790, 35000, 34150, 50512, 35807, 8402, 51035, 25159, 42668, 41754, 197023, 49505, 12695, 212234, 43478, 48120, 39493, 58290, 205638, 51032, 33871, 51570, 50761, 8749, 35810, 50477, 41843, 208087, 42065, 39799, 52207, 31213, 34959, 61152, 47111, 43148, 58096, 51645, 12668, 47586, 212238, 49218, 29226, 31514, 60840, 12389, 51604, 8331, 206673, 44546, 60490, 41786, 15378, 15640, 50544, 24955, 49120, 9123, 42682, 28812, 57026, 57378, 44923, 34757, 15774, 47478, 201131, 48873, 35539, 21127, 48416, 206448, 3216, 48128, 44257]",250,103,2024-08-31,2023-09-01,2024-08-31,2023-09-01
spring96.org,156,6238,39.98717949,"[50544, 29124, 57026, 51645, 29226, 57044, 41733, 41754, 12768, 51570]",202,10,2024-08-31,2024-03-29,2024-08-31,2024-06-16
itsmycity.ru,366,22541,61.58743169,"[31363, 56420, 50544, 34533, 47111, 29124, 39927, 24955, 42682, 42683, 57026, 57378, 42116, 51645, 12668, 41668, 29226, 15774, 31205, 49048, 41682, 8331, 41733, 51604, 43478, 41754, 51035, 41786, 12768, 51570]",349,30,2024-08-31,2023-09-01,2024-08-31,2023-09-01
riafan.ru,366,15263,41.70218579,"[56420, 50544, 196949, 34533, 24955, 29124, 47111, 42682, 42683, 57026, 57378, 42116, 51645, 12668, 41668, 29226, 42038, 57044, 15774, 41682, 41733, 51035, 41754, 41786, 41843, 12768, 51570]",307,27,2024-08-31,2023-09-01,2024-08-31,2023-09-03
echofm.online,156,7485,47.98076923,"[50544, 39927, 34533, 29124, 57026, 51645, 12668, 41668, 29226, 15774, 57044, 8331, 41733, 51604, 43478, 41754, 12768]",252,17,2024-08-31,2024-03-29,2024-08-31,2024-03-30
glavpost.com,366,22928,62.64480874,"[56420, 50544, 39927, 34533, 29124, 24955, 42682, 42683, 57026, 57378, 42116, 51645, 12668, 41668, 29226, 15774, 31205, 49048, 41682, 8331, 41733, 50512, 43478, 41754, 51035, 12768, 51570]",362,27,2024-08-31,2023-09-01,2024-08-31,2023-09-01
15minut.org,366,22325,60.99726776,"[31363, 56420, 50544, 34533, 24955, 29124, 42682, 42683, 57026, 57378, 42116, 51645, 41668, 29226, 57044, 50543, 15774, 31205, 49048, 41682, 41733, 51035, 41754, 43478, 41786, 56330, 31208, 41843, 12768, 51570]",460,30,2024-08-31,2023-09-01,2024-08-29,2023-09-01
zona.media,366,10105,27.60928962,"[16345, 50544, 39927, 34533, 29124, 42682, 57026, 57378, 51645, 25513, 12668, 41668, 29226, 15774, 50512, 41733, 51035, 41754, 41786, 12768]",244,20,2024-08-31,2023-09-01,2024-08-30,2023-09-01
www.reddit.com,366,57681,157.5983607,[49392],765,1,2024-08-31,2023-09-01,2024-05-13,2024-05-13
boingboing.net,366,28172,76.9726776,"[31363, 56420, 50544, 34533, 39927, 24955, 42682, 42683, 57026, 57378, 42116, 51645, 12668, 41668, 29226, 57044, 15774, 50543, 49048, 41682, 8331, 41733, 51604, 51035, 41754, 43478, 41786, 56330, 31208, 12768, 51570]",424,31,2024-08-31,2023-09-01,2024-08-31,2023-09-01
www.ej.ru,366,12370,33.79781421,"[31363, 44579, 56699, 34533, 39927, 50498, 8359, 47321, 41668, 28891, 35598, 60771, 8752, 41733, 12494, 50473, 12768, 16345, 29124, 12714, 210616, 25513, 13296, 8790, 31257, 34150, 50512, 35807, 25159, 51035, 8402, 41754, 43478, 42668, 49505, 12695, 212234, 197023, 41843, 51032, 33871, 51570, 208087, 39799, 31213, 52207, 61152, 56534, 42065, 58096, 51645, 12668, 47586, 212238, 49218, 29226, 31514, 57044, 12389, 51604, 206673, 41268, 44477, 41786, 15640, 28884, 50544, 24955, 42682, 57026, 57378, 44923, 34757, 15774, 42038, 48873, 35539, 21127, 48416, 206448, 3216, 48128, 44257]",271,83,2024-08-31,2023-09-01,2024-08-31,2023-09-01
marxist.news,156,8126,52.08974359,"[50544, 39927, 47111, 34533, 39435, 57026, 51645, 12668, 29226, 15774, 31205, 57044, 41682, 8331, 41733, 51604, 43478, 41754, 12768, 51570]",222,20,2024-08-31,2024-03-29,2024-08-31,2024-03-30
tjournal.ru,366,19177,52.39617486,"[56420, 50544, 34533, 29124, 42682, 57026, 57378, 51645, 12668, 41668, 29226, 15774, 57044, 51604, 41733, 8331, 41754, 12768, 51570]",296,19,2024-08-31,2023-09-01,2024-08-30,2023-09-01
donbass.ua,366,18072,49.37704918,"[44232, 31363, 44579, 56699, 34533, 39927, 42116, 50498, 8359, 47321, 41668, 8427, 28891, 35598, 60771, 3335, 44172, 8752, 41733, 25227, 43660, 47286, 201825, 21479, 12494, 12768, 50473, 16345, 56420, 34665, 12714, 29124, 13155, 41308, 42683, 210616, 51214, 34602, 25513, 13296, 31257, 48004, 8790, 44041, 35000, 34150, 208397, 51004, 39593, 50512, 51035, 35807, 25159, 8402, 41754, 43478, 42668, 49505, 56330, 212234, 12695, 41843, 204276, 205638, 197023, 51032, 33871, 208087, 39799, 31213, 52207, 61152, 42065, 58096, 200513, 197152, 51645, 212238, 47586, 12668, 15848, 49218, 29226, 57044, 19999, 31514, 12389, 8331, 51604, 206673, 203972, 44546, 41786, 15640, 34139, 25086, 50544, 24955, 42682, 28812, 199992, 57026, 57378, 50439, 34757, 15774, 31205, 49048, 48873, 35539, 21127, 48416, 60599, 3216, 206448, 48128, 13055, 44257]",391,118,2024-08-31,2023-09-01,2024-08-31,2023-09-01
www.rospres.net,366,15233,41.62021858,"[50544, 57026, 51645, 41668, 15774, 50512, 41733, 41754, 41786, 12768]",246,10,2024-08-31,2023-09-01,2024-08-29,2023-09-01
www.depo.ua,366,18243,49.8442623,"[50544, 34533, 24955, 29124, 42682, 57026, 57378, 51645, 12668, 41668, 29226, 57044, 15774, 50512, 41733, 41754, 41786, 12768]",275,18,2024-08-31,2023-09-01,2024-08-31,2023-09-01
novayagazeta.eu,366,20771,56.75136612,"[56420, 50544, 34533, 39927, 29124, 42682, 42683, 57026, 57378, 42116, 51645, 12668, 41668, 29226, 57044, 31205, 15774, 41682, 8331, 41733, 51604, 43478, 41754, 41786, 15378, 12768, 51570]",322,27,2024-08-31,2023-09-01,2024-08-31,2023-09-01
rureporter.com,156,7468,47.87179487,"[50544, 34533, 29124, 57026, 51645, 12668, 29226, 15774, 57044, 8331, 41733, 41754, 12768, 51570]",205,14,2024-08-31,2024-03-29,2024-08-31,2024-03-30
utronews.org,366,5513,15.06284153,"[25408, 25513, 8359, 29076, 41668]",293,5,2024-08-31,2023-09-01,2024-08-30,2023-11-20
graniru.org,366,13160,35.95628415,"[56420, 50544, 34533, 39927, 29124, 42683, 57026, 57378, 42116, 51645, 41668, 29226, 15774, 34150, 57044, 49048, 41682, 8331, 41733, 50512, 51604, 51035, 41754, 43478, 41786, 41843, 12768, 51570]",361,28,2024-08-31,2023-09-01,2024-08-31,2023-09-01
ru.baku.ws,366,12627,34.5,"[56420, 50544, 34533, 39927, 42682, 42683, 57026, 57378, 42116, 51645, 12668, 41668, 29226, 15774, 57044, 41682, 8331, 41733, 41754, 41786, 41843, 12768]",305,22,2024-08-31,2023-09-01,2024-08-29,2023-09-03
uainfo.org,366,18679,51.03551913,"[56420, 50544, 34533, 24955, 29124, 42682, 57026, 57378, 51645, 12668, 41668, 29226, 57044, 15774, 34150, 8331, 41733, 41754, 41786, 41843, 12768, 51570]",294,22,2024-08-31,2023-09-01,2024-08-31,2023-09-01
liveuamap.com,366,21681,59.23770492,"[56420, 50544, 34533, 39927, 29124, 24955, 42682, 42683, 57026, 57378, 42116, 51645, 12668, 41668, 29226, 15774, 57044, 41682, 8331, 41733, 51604, 43478, 41754, 41786, 15378, 12768, 51570]",341,27,2024-08-31,2023-09-01,2024-08-31,2023-09-01
hromadske.ua,366,15056,41.13661202,"[56420, 50544, 34533, 39927, 29124, 42682, 42683, 57026, 57378, 42116, 51645, 12668, 41668, 29226, 57044, 31205, 15774, 49048, 41682, 8331, 41733, 51604, 43478, 41754, 51035, 41786, 12768, 51570]",350,28,2024-08-31,2023-09-01,2024-08-31,2023-09-01
mediazona.by,366,15726,42.96721311,"[56420, 50544, 34533, 39927, 29124, 24955, 42682, 42683, 57026, 57378, 42116, 51645, 12668, 41668, 29226, 57044, 41682, 51604, 41733, 8331, 43478, 41754, 51035, 41786, 12768, 51570]",328,26,2024-08-31,2023-09-01,2024-08-30,2023-09-01
www.unian.net,156,6507,41.71153846,"[50544, 34533, 39927, 42682, 57026, 51645, 12668, 15774, 8331, 41733, 41754, 12768, 51570]",173,13,2024-08-31,2024-03-29,2024-08-31,2024-03-30
www.kasparov.ru,366,8695,23.7568306,"[31363, 44579, 56699, 34533, 39927, 50498, 47321, 8359, 41668, 28891, 35598, 8752, 41733, 12768, 12494, 50473, 16345, 29124, 12714, 210616, 25513, 13296, 8790, 48004, 31257, 34150, 50512, 35807, 51035, 25159, 41754, 43478, 8402, 197023, 12695, 49505, 212234, 42668, 41843, 51032, 33871, 51570, 208087, 39799, 31213, 52207, 42065, 56534, 58096, 200513, 51645, 212238, 47586, 12668, 49218, 29226, 31514, 57044, 12389, 51604, 206673, 44546, 41786, 15640, 50544, 24955, 42682, 57026, 57378, 44923, 34757, 15774, 31205, 201131, 48873, 35539, 21127, 48416, 206448, 3216, 48128, 44257]",257,82,2024-08-31,2023-09-01,2024-08-29,2023-09-01
golosislama.com,156,9399,60.25,"[50544, 39927, 34533, 29124, 57026, 51645, 12668, 41668, 29226, 15774, 57044, 41682, 8331, 41733, 43478, 41754, 12768, 51570]",235,18,2024-08-31,2024-03-29,2024-08-31,2024-03-30
pn14.info,156,8087,51.83974359,"[50544, 34533, 29124, 57026, 51645, 12668, 29226, 15774, 57044, 41682, 51604, 41733, 8331, 43478, 41754, 12768]",212,16,2024-08-31,2024-03-29,2024-08-30,2024-03-30
www.colta.ru,366,18444,50.39344262,"[50544, 34533, 39927, 29124, 24955, 42682, 57026, 57378, 51645, 12668, 41668, 29226, 15774, 57044, 41733, 41754, 41786, 12768]",278,18,2024-08-31,2023-09-01,2024-08-31,2023-09-01
www.segodnya.ua,366,8783,23.99726776,"[50544, 39927, 24955, 29124, 34533, 42682, 57026, 57378, 51645, 25513, 41668, 29226, 15774, 50512, 41733, 51035, 41754, 41786, 12768, 51570]",244,20,2024-08-31,2023-09-01,2024-08-30,2023-09-01
www.afp.com,366,15960,43.60655738,[25408],290,1,2024-08-31,2023-09-01,2024-06-17,2024-06-17
www.unian.info,366,14163,38.69672131,"[50544, 39927, 42682, 57026, 51645, 12668, 8331, 41733, 41754, 12768]",246,10,2024-08-31,2023-09-01,2024-08-31,2024-05-19
vesma.today,156,6941,44.49358974,"[50544, 34533, 29124, 57026, 51645, 12668, 29226, 57044, 15774, 51604, 41733, 8331, 12768]",200,13,2024-08-31,2024-03-29,2024-08-30,2024-03-30
day.kyiv.ua,366,24171,66.04098361,"[31363, 56420, 50544, 39927, 34533, 29124, 24955, 42682, 42683, 57026, 57378, 42116, 51645, 12668, 41668, 29226, 57044, 15774, 49048, 8331, 41733, 50512, 51035, 41754, 43478, 56330, 12768, 51570]",394,28,2024-08-31,2023-09-01,2024-08-31,2023-09-01
www.svoboda.org,366,17589,48.05737705,"[50544, 34533, 24955, 29124, 39927, 42682, 57026, 57378, 51645, 41668, 29226, 15774, 50512, 41733, 51035, 41754, 41786, 41843, 12768]",248,19,2024-08-31,2023-09-01,2024-08-28,2023-09-01
www.dialog.ua,156,6935,44.45512821,"[50544, 34533, 57026, 51645, 12668, 29226, 57044, 15774, 41733, 41754, 12768]",191,11,2024-08-31,2024-03-29,2024-08-31,2024-03-30
www.dovod.online,366,18193,49.70765027,"[50544, 34533, 24955, 29124, 39927, 42682, 57026, 57378, 51645, 12668, 41668, 29226, 57044, 15774, 34150, 51604, 41733, 50512, 41754, 41843, 12768]",272,21,2024-08-31,2023-09-01,2024-08-31,2023-09-01
maidan.org.ua,366,20616,56.32786885,"[56420, 50544, 34533, 39927, 24955, 42682, 42683, 57026, 57378, 42116, 51645, 12668, 41668, 29226, 57044, 15774, 31205, 41682, 8331, 41733, 51604, 51035, 41754, 43478, 12768]",337,25,2024-08-31,2023-09-01,2024-08-30,2023-09-01
www.rferl.org,366,19963,54.54371585,"[50544, 34533, 24955, 29124, 42682, 57026, 57378, 51645, 12668, 41668, 29226, 15774, 31205, 50512, 41733, 8331, 51035, 41754, 41786, 12768, 51570]",252,21,2024-08-31,2023-09-01,2024-08-31,2023-09-01
www.azatliq.org,366,18153,49.59836066,"[50544, 34533, 29124, 42682, 57026, 57378, 51645, 12668, 41668, 29226, 15774, 57044, 51604, 41733, 8331, 41754, 41786, 12768, 51570]",283,19,2024-08-31,2023-09-01,2024-08-31,2023-09-01
mignews.ua,156,8437,54.08333333,"[50544, 34533, 39927, 29124, 57026, 51645, 12668, 29226, 57044, 31205, 15774, 41682, 51604, 41733, 8331, 43478, 41754, 12768, 51570]",220,19,2024-08-31,2024-03-29,2024-08-31,2024-03-30
protokol.band,156,7836,50.23076923,"[50544, 34533, 39927, 29124, 57026, 51645, 12668, 29226, 15774, 57044, 41682, 51604, 41733, 8331, 41754, 15378, 12768]",211,17,2024-08-31,2024-03-29,2024-08-30,2024-03-30
censor.net.ua,366,28499,77.86612022,"[44232, 31363, 44579, 56699, 57227, 39927, 34533, 42116, 50498, 8359, 47321, 41668, 28891, 8427, 60771, 35598, 3335, 8752, 44172, 41733, 25227, 43660, 201825, 44724, 21479, 50473, 12494, 12768, 16345, 56420, 34665, 29124, 12714, 50187, 41308, 13155, 42683, 210616, 34602, 25513, 13296, 31257, 29125, 8790, 44041, 35000, 34150, 208397, 41682, 39593, 50512, 35807, 25159, 41754, 8402, 197023, 51035, 204276, 49505, 42668, 212234, 43478, 12695, 56330, 39493, 41843, 51032, 33871, 51570, 208087, 39799, 31213, 52207, 42065, 61152, 216033, 44604, 58096, 200513, 51645, 12668, 212238, 47586, 15848, 49218, 29226, 57044, 31514, 12389, 8331, 51604, 206673, 203972, 44546, 41786, 42238, 15640, 25086, 5429, 34139, 50544, 24955, 42682, 28812, 57026, 57378, 44923, 34757, 15774, 31205, 49048, 201131, 48873, 35539, 21127, 60599, 48416, 206448, 3216, 48128, 13055, 44257]",410,122,2024-08-31,2023-09-01,2024-08-31,2023-09-01
newinform.com,366,22501,61.47814208,"[196949, 34533, 39927, 42116, 41668, 41733, 12768, 56420, 29124, 42683, 34150, 41682, 51035, 43478, 41754, 41843, 47111, 39435, 51645, 12668, 29226, 57044, 8331, 51604, 41786, 15378, 50544, 24955, 42682, 57026, 57378, 42038, 15774]",326,33,2024-08-31,2023-09-01,2024-08-31,2023-09-01
nation-news.ru,366,23264,63.56284153,"[196949, 34533, 39927, 42116, 41668, 41733, 12768, 56420, 29124, 42683, 41682, 51035, 41754, 43478, 41843, 51570, 47111, 39435, 51645, 12668, 29226, 57044, 8331, 51604, 41786, 15378, 50544, 24955, 42682, 57026, 57378, 42038, 15774, 31205]",327,34,2024-08-31,2023-09-01,2024-08-31,2023-09-01
gagadget.com,366,23838,65.13114754,"[31363, 56420, 50544, 39927, 34533, 29124, 24955, 42682, 42683, 57026, 57378, 42116, 51645, 12668, 41668, 29226, 15774, 57044, 49048, 41682, 8331, 41733, 50512, 51604, 43478, 41754, 51035, 56330, 12768, 51570]",372,30,2024-08-31,2023-09-01,2024-08-31,2023-09-01
war.hvylya.net,156,7120,45.64102564,"[50544, 34533, 29124, 57026, 51645, 12668, 29226, 15774, 57044, 8331, 41733, 51604, 41754, 12768]",199,14,2024-08-31,2024-03-29,2024-08-31,2024-03-30
www.agents.media,366,18706,51.10928962,"[56420, 50544, 34533, 24955, 29124, 42682, 57026, 57378, 51645, 12668, 41668, 29226, 15774, 57044, 51604, 41733, 8331, 41754, 41786, 41843, 12768]",288,21,2024-08-31,2023-09-01,2024-08-31,2023-09-01
re-russia.net,156,7894,50.6025641,"[50544, 34533, 39927, 29124, 57026, 51645, 12668, 29226, 15774, 41682, 8331, 41733, 41754, 12768, 51570]",207,15,2024-08-31,2024-03-29,2024-08-31,2024-03-30
www.kavkazr.com,366,16452,44.95081967,"[50544, 34533, 24955, 29124, 42682, 57026, 57378, 51645, 12668, 41668, 29226, 15774, 31205, 57044, 50512, 41733, 8331, 41754, 12768, 51570]",258,20,2024-08-31,2023-09-01,2024-08-31,2023-09-01
kuzpress.ru,366,21610,59.04371585,"[31363, 56420, 50544, 34533, 39927, 29124, 24955, 42682, 42683, 57026, 57378, 42116, 51645, 12668, 41668, 29226, 15774, 57044, 34150, 31205, 49048, 41682, 51604, 41733, 8331, 43478, 41754, 51035, 41786, 41843, 12768, 51570]",346,32,2024-08-31,2023-09-01,2024-08-31,2023-09-01
poligonmedia.io,156,7673,49.18589744,"[50544, 34533, 39927, 29124, 57026, 51645, 12668, 29226, 15774, 57044, 41682, 8331, 41733, 51604, 43478, 41754, 12768]",212,17,2024-08-31,2024-03-29,2024-08-30,2024-03-30
ua.tribuna.com,156,7405,47.46794872,"[50544, 34533, 39927, 29124, 57026, 51645, 12668, 29226, 15774, 57044, 8331, 41733, 41754, 12768]",200,14,2024-08-31,2024-03-29,2024-08-31,2024-03-30
www.euronews.com,366,10129,27.67486339,"[50544, 34533, 39927, 29124, 42682, 57026, 57378, 51645, 41668, 29226, 15774, 50512, 41733, 51035, 41754, 41786, 12768]",270,17,2024-08-31,2023-09-01,2024-08-30,2023-09-01
gubernia.media,366,22777,62.23224044,"[56420, 50544, 34533, 39927, 29124, 42682, 42683, 57026, 57378, 42116, 51645, 12668, 41668, 29226, 15774, 57044, 49048, 41682, 8331, 41733, 51604, 50512, 51035, 41754, 43478, 41786, 12768, 51570]",357,28,2024-08-31,2023-09-01,2024-08-31,2023-09-01
poligon.media,366,19704,53.83606557,"[56420, 50544, 34533, 24955, 29124, 39927, 42682, 42683, 57026, 57378, 42116, 51645, 12668, 41668, 29226, 15774, 57044, 41682, 51604, 41733, 8331, 43478, 41754, 41786, 41843, 12768, 51570]",316,27,2024-08-31,2023-09-01,2024-08-30,2023-09-01
tvrain.tv,156,4571,29.30128205,"[50544, 34533, 29124, 57026, 51645, 12668, 29226, 57044, 8331, 41733, 12768]",200,11,2024-08-31,2024-03-29,2024-08-29,2024-03-30
www.stopfake.org,366,16338,44.63934426,"[50544, 34533, 24955, 39927, 42682, 57026, 57378, 51645, 12668, 41668, 29226, 15774, 50512, 41733, 8331, 51035, 41754, 41786, 41843, 12768]",248,20,2024-08-31,2023-09-01,2024-08-31,2023-09-01
www.ukrinform.ua,366,16413,44.8442623,"[31363, 50544, 34533, 24955, 29124, 42682, 57026, 57378, 42116, 51645, 12668, 41668, 29226, 15774, 8331, 41733, 50512, 51035, 41754, 41786, 41843, 12768]",249,22,2024-08-31,2023-09-01,2024-08-31,2023-09-01
www.pap.pl,366,11507,31.43989071,"[50544, 34533, 24955, 29124, 39927, 42682, 57026, 57378, 51645, 12668, 41668, 29226, 15774, 50512, 41733, 41754, 41786, 41843, 12768]",252,19,2024-08-31,2023-09-01,2024-08-29,2023-09-01
kavkazweb.net,366,15555,42.5,"[56420, 50544, 34533, 24955, 42682, 42683, 57026, 57378, 42116, 51645, 12668, 41668, 25408, 57044, 49048, 41682, 8331, 41733, 51604, 43478, 41754, 51035, 41786, 41843, 12768]",344,25,2024-08-31,2023-09-01,2024-08-31,2023-09-01
novayapolsha.pl,68,3978,58.5,"[50544, 39927, 34533, 29124, 57026, 51645, 12668, 8331, 41733, 43478, 41754, 12768]",168,12,2024-08-31,2024-06-25,2024-08-30,2024-06-25
rus.delfi.ee,156,7566,48.5,"[50544, 34533, 39927, 29124, 57026, 51645, 12668, 29226, 15774, 57044, 41733, 41754, 12768]",205,13,2024-08-31,2024-03-29,2024-08-31,2024-03-30
tochka.net,366,18344,50.12021858,"[16345, 56420, 50544, 34533, 29124, 42682, 57026, 57378, 51645, 12668, 41668, 29226, 15774, 57044, 8331, 41733, 41754, 41786, 12768]",296,19,2024-08-31,2023-09-01,2024-08-31,2023-09-01
www.freecity.lv,156,6836,43.82051282,"[16345, 50544, 34533, 39927, 57026, 51645, 12668, 57044, 15774, 41733, 12768, 51570]",190,12,2024-08-31,2024-03-29,2024-08-31,2024-03-30
chronicles.media,156,10913,69.95512821,"[50544, 39927, 34533, 29124, 57026, 51645, 12668, 41668, 29226, 15774, 57044, 8331, 41733, 43478, 41754, 12768, 51570]",260,17,2024-08-31,2024-03-29,2024-08-31,2024-03-29
holod.media,366,23246,63.5136612,"[56420, 50544, 34533, 24955, 29124, 39927, 42682, 42683, 57026, 57378, 42116, 51645, 12668, 41668, 29226, 15774, 31205, 57044, 49048, 41682, 8331, 41733, 51604, 43478, 41754, 51035, 41786, 41843, 12768, 51570]",353,30,2024-08-31,2023-09-01,2024-08-31,2023-09-01
ochevidcy.com,156,7979,51.1474359,"[50544, 34533, 29124, 57026, 51645, 12668, 29226, 15774, 57044, 41682, 51604, 41733, 8331, 43478, 12768, 51570]",215,16,2024-08-31,2024-03-29,2024-08-30,2024-03-30
omvesti.ru,156,7821,50.13461538,"[50544, 39927, 34533, 57026, 51645, 12668, 29226, 57044, 31205, 15774, 41682, 8331, 41733, 51604, 43478, 12768, 51570]",215,17,2024-08-31,2024-03-29,2024-08-31,2024-03-30
www.bbc.com,366,36674,100.2021858,"[50544, 39927, 24955, 29124, 34533, 42682, 57026, 57378, 51645, 12668, 41668, 29226, 15774, 57044, 50512, 41733, 51604, 8331, 41754, 41786, 41843, 12768]",289,22,2024-08-31,2023-09-01,2024-08-31,2023-09-01
belsat.eu,366,21300,58.19672131,"[56420, 50544, 34533, 39927, 29124, 42682, 42683, 57026, 57378, 42116, 51645, 12668, 41668, 29226, 15774, 57044, 50543, 49048, 41682, 8331, 41733, 51035, 41754, 43478, 41786, 56330, 41843, 12768]",424,28,2024-08-31,2023-09-01,2024-08-31,2023-09-01
freemedia.io,366,23528,64.28415301,"[31363, 56420, 50544, 34533, 24955, 29124, 39927, 42682, 42683, 57026, 57378, 42116, 51645, 12668, 41668, 29226, 15774, 57044, 31205, 49048, 41682, 51604, 41733, 8331, 50512, 51035, 41754, 43478, 41786, 56330, 12768]",375,31,2024-08-31,2023-09-01,2024-08-31,2023-09-01
avtonom.org,366,28920,79.01639344,"[31363, 56420, 50544, 34533, 39927, 29124, 42682, 42683, 57026, 57378, 42116, 51645, 12668, 41668, 29226, 15774, 34150, 57044, 50543, 49048, 41682, 8331, 41733, 51035, 41754, 43478, 41786, 31208, 56330, 41843, 12768, 51570]",438,32,2024-08-31,2023-09-01,2024-08-31,2023-09-01
pressorg24.com,156,7172,45.97435897,"[44579, 56699, 34533, 50668, 8359, 41668, 60771, 8752, 41733, 25227, 47286, 24739, 201776, 8905, 42610, 12494, 50473, 20485, 209788, 12768, 16345, 29124, 13155, 210616, 48043, 25513, 13296, 31257, 35000, 31133, 39102, 41682, 51035, 35807, 25159, 8402, 42668, 41754, 48120, 12695, 197023, 212234, 48667, 205638, 31484, 33871, 50761, 51570, 8749, 50477, 56340, 42065, 31213, 39799, 61152, 34959, 58096, 51645, 12668, 47586, 49218, 29226, 31514, 57044, 48552, 12389, 51604, 8331, 60490, 207713, 8732, 15378, 216185, 50544, 24955, 49120, 48330, 9123, 199992, 28812, 42682, 57026, 48642, 44923, 44056, 15774, 31205, 47478, 35539, 3216, 49368, 12418, 48128]",211,93,2024-08-31,2024-03-29,2024-08-31,2024-03-29
jpgazeta.ru,366,25101,68.58196721,"[31363, 56420, 50544, 34533, 39927, 24955, 42682, 42683, 57026, 57378, 42116, 51645, 12668, 41668, 29226, 42038, 15774, 57044, 31205, 49048, 41682, 8331, 41733, 51604, 51035, 41754, 43478, 41786, 41843, 12768, 51570]",350,31,2024-08-31,2023-09-01,2024-08-31,2023-09-01
www.newsru.com,366,16772,45.82513661,"[31363, 50544, 34533, 24955, 57026, 57378, 51645, 12668, 41668, 29226, 34150, 31205, 15774, 8331, 41733, 50512, 41754, 41786, 12768, 51570]",254,20,2024-08-31,2023-09-01,2024-08-31,2023-09-01
1plus1.ua,366,23828,65.10382514,"[31363, 56420, 50544, 34533, 24955, 29124, 39927, 42682, 42683, 57026, 57378, 42116, 51645, 12668, 41668, 29226, 15774, 57044, 50543, 49048, 41682, 8331, 41733, 51035, 41754, 43478, 41786, 31208, 56330, 41843, 12768, 51570]",459,32,2024-08-31,2023-09-01,2024-08-31,2023-09-01
vot-tak.tv,366,12305,33.62021858,"[56420, 50544, 34533, 24955, 29124, 42682, 57026, 57378, 51645, 12668, 41668, 29226, 15774, 57044, 51604, 41733, 41754, 12768]",289,18,2024-08-31,2023-09-01,2024-08-29,2023-09-01
istories.media,366,22361,61.09562842,"[56420, 50544, 39927, 34533, 29124, 42682, 42683, 57026, 57378, 42116, 51645, 12668, 41668, 29226, 15774, 31205, 57044, 49048, 41682, 8331, 41733, 51604, 43478, 41754, 51035, 41786, 12768]",347,27,2024-08-31,2023-09-01,2024-08-31,2023-09-01
sakharov.world,156,7251,46.48076923,"[16345, 50544, 34533, 29124, 57026, 51645, 12668, 29226, 57044, 15774, 8331, 41733, 41754, 12768]",205,14,2024-08-31,2024-03-29,2024-08-31,2024-03-30
politros.com,366,21804,59.57377049,"[56420, 50544, 196949, 39927, 47111, 29124, 34533, 24955, 39435, 42682, 42683, 57026, 57378, 42116, 51645, 12668, 41668, 29226, 42038, 15774, 57044, 41682, 51604, 41733, 8331, 51035, 41754, 41786, 41843, 15378, 12768, 51570]",315,32,2024-08-31,2023-09-01,2024-08-31,2023-09-01
aspektymedia.ru,156,12196,78.17948718,"[50544, 196949, 34533, 29124, 42682, 57026, 51645, 12668, 41668, 29226, 15774, 41601, 8331, 41733, 43478, 41754, 12768, 51570]",276,18,2024-08-31,2024-03-29,2024-08-31,2024-03-29
dennikn.sk,68,5587,82.16176471,"[50544, 39927, 29124, 57026, 51645, 12668, 41668, 57044, 8331, 41733, 43478, 41754, 12768, 51570]",196,14,2024-08-31,2024-06-25,2024-08-31,2024-06-25
ichkeria.info,366,22473,61.40163934,"[56420, 50544, 34533, 39927, 29124, 42682, 42683, 57026, 57378, 42116, 51645, 12668, 41668, 29226, 15774, 57044, 49048, 41682, 8331, 41733, 51604, 51035, 41754, 43478, 41786, 12768, 51570]",353,27,2024-08-31,2023-09-01,2024-08-31,2023-09-01
nevnov.ru,366,20809,56.85519126,"[56420, 50544, 34533, 24955, 29124, 39927, 42682, 42683, 57026, 57378, 42116, 51645, 12668, 41668, 29226, 15774, 57044, 41682, 8331, 41733, 51604, 43478, 41754, 41786, 15378, 12768]",325,26,2024-08-31,2023-09-01,2024-08-30,2023-09-01
glavnoe.ua,366,14002,38.2568306,"[56420, 50544, 39927, 34533, 29124, 42683, 57026, 57378, 42116, 51645, 41668, 29226, 57044, 15774, 31205, 49048, 41682, 8331, 41733, 50512, 51604, 43478, 41754, 51035, 41786, 56330, 12768, 51570]",360,28,2024-08-31,2023-09-01,2024-08-31,2023-09-01
dossier.center,366,24750,67.62295082,"[56420, 50544, 34533, 39927, 29124, 24955, 42682, 42683, 57026, 57378, 42116, 51645, 12668, 41668, 29226, 15774, 57044, 49048, 8331, 41733, 50512, 43478, 41754, 51035, 56330, 12768]",392,26,2024-08-31,2023-09-01,2024-08-31,2023-09-01
golosinfo.org,366,20176,55.12568306,"[50544, 39927, 34533, 29124, 24955, 42683, 57026, 57378, 51645, 41668, 29226, 15774, 57044, 41682, 8331, 41733, 43478, 51035, 41754, 12768, 51570]",360,21,2024-08-31,2023-09-01,2024-08-31,2024-02-08
compromat.ru,211,4714,22.34123223,"[15774, 47321]",291,2,2024-03-29,2023-09-01,2023-12-26,2023-09-11
ru-news.us,366,17991,49.1557377,"[31363, 56699, 34533, 8752, 44172, 8905, 12768, 50473, 20485, 56420, 13155, 48004, 34150, 41682, 35807, 51035, 25159, 56889, 56340, 56534, 12668, 47586, 212238, 31514, 206673, 5429, 9123, 199992, 28812, 48642, 34757, 15774, 47478, 44579, 39927, 50498, 41668, 35598, 42610, 16345, 48043, 25513, 47914, 31133, 41754, 41843, 51032, 33871, 50761, 50477, 208087, 39799, 61152, 44604, 58096, 29226, 50596, 48552, 8331, 44546, 8732, 50544, 24955, 42682, 57026, 21127, 206448, 3216, 44257, 50668, 28891, 3335, 41733, 25227, 47286, 209788, 42683, 210616, 31257, 43478, 48120, 197023, 48667, 12695, 212234, 58290, 42065, 34959, 29194, 43148, 197152, 51645, 51604, 41786, 49120, 57378, 50439, 44923, 201131, 212487, 35539, 60599, 12418, 42116, 8359, 47321, 43660, 12494, 29124, 12714, 13296, 8790, 35000, 8402, 42668, 49505, 205638, 8749, 31213, 52207, 200513, 49218, 57044, 12389, 60490, 15640, 216185, 48330, 49048, 48873, 48128]",307,131,2024-08-31,2023-09-01,2024-08-31,2023-09-01
crimea-news.info,156,10591,67.89102564,"[50544, 34533, 47111, 29124, 39927, 39435, 57026, 51645, 12668, 41668, 29226, 57044, 15774, 8331, 41733, 51604, 43478, 41754, 12768, 51570]",257,20,2024-08-31,2024-03-29,2024-08-31,2024-03-29
republic.ru,366,19387,52.96994536,"[56420, 50544, 34533, 39927, 29124, 24955, 42682, 42683, 57026, 57378, 42116, 51645, 12668, 41668, 29226, 15774, 57044, 41682, 41733, 41754, 41786, 12768, 51570]",308,23,2024-08-31,2023-09-01,2024-08-31,2023-09-01
ru.oxu.az,366,12926,35.31693989,"[56420, 50544, 34533, 39927, 29124, 42682, 42683, 57026, 57378, 42116, 51645, 12668, 41668, 29226, 15774, 57044, 41733, 51035, 41754, 12768]",304,20,2024-08-31,2023-09-01,2024-08-29,2023-09-01
blackseatv.com,366,27166,74.22404372,"[31363, 56420, 50544, 39927, 34533, 29124, 24955, 42682, 42683, 57026, 57378, 42116, 51645, 12668, 41668, 29226, 15774, 57044, 49048, 41682, 8331, 41733, 43478, 41754, 51035, 41786, 31208, 56330, 12768, 51570]",421,30,2024-08-31,2023-09-01,2024-08-31,2023-09-01
ru.krymr.com,366,22463,61.37431694,"[56420, 50544, 34533, 24955, 29124, 39927, 42682, 42683, 57026, 57378, 42116, 51645, 41668, 29226, 15774, 57044, 41733, 41754, 41786, 12768]",305,20,2024-08-31,2023-09-01,2024-08-27,2023-09-01
polit.info,366,22237,60.7568306,"[196949, 34533, 39927, 42116, 41668, 41733, 12768, 56420, 29124, 42683, 41682, 51035, 41754, 43478, 41843, 51570, 47111, 39435, 51645, 12668, 29226, 57044, 51604, 8331, 41786, 15378, 50544, 24955, 42682, 57026, 57378, 42038, 15774]",317,33,2024-08-31,2023-09-01,2024-08-31,2023-09-01
politexpert.net,366,22289,60.8989071,"[56420, 50544, 34533, 24955, 29124, 42682, 42683, 57026, 57378, 42116, 51645, 12668, 41668, 29226, 42038, 15774, 57044, 41682, 51604, 41733, 51035, 41754, 41786, 41843, 12768]",317,25,2024-08-31,2023-09-01,2024-08-30,2023-09-01
www.dwelle.eu,366,8373,22.87704918,"[50544, 34533, 39927, 29124, 42682, 57026, 57378, 51645, 41668, 29226, 15774, 31205, 50512, 41733, 51035, 41754, 41786, 12768]",270,18,2024-08-31,2023-09-01,2024-08-26,2023-09-01
skat.media,366,19247,52.58743169,"[56420, 50544, 34533, 24955, 29124, 42682, 42683, 57026, 57378, 51645, 12668, 41668, 29226, 15774, 57044, 8331, 41733, 41754, 41786, 12768, 51570]",299,21,2024-08-31,2023-09-01,2024-08-31,2023-09-01
novaya.no,156,8372,53.66666667,"[50544, 34533, 39927, 29124, 57026, 51645, 12668, 29226, 15774, 31205, 57044, 41682, 8331, 41733, 51604, 43478, 41754, 12768]",216,18,2024-08-31,2024-03-29,2024-08-30,2024-03-30
theins.press,156,7292,46.74358974,"[50544, 34533, 29124, 57026, 51645, 44923, 12668, 29226, 57044, 15774, 31133, 60771, 8331, 41733, 41754, 12768]",202,16,2024-08-31,2024-03-29,2024-08-31,2024-03-30
www.votvot.tv,366,10810,29.53551913,"[50544, 39927, 24955, 29124, 34533, 42682, 57026, 57378, 51645, 12668, 41668, 29226, 15774, 50512, 41733, 51035, 41754, 41786, 41843, 12768]",245,20,2024-08-31,2023-09-01,2024-08-30,2023-09-01
sprotyv.info,366,19122,52.24590164,"[56420, 50544, 34533, 24955, 29124, 42682, 42683, 57026, 57378, 51645, 12668, 41668, 29226, 15774, 57044, 41733, 41754, 41786, 41843, 12768]",299,20,2024-08-31,2023-09-01,2024-08-31,2023-09-01
ehorussia.com,156,9831,63.01923077,"[50544, 39927, 34533, 29124, 57026, 51645, 12668, 41668, 29226, 15774, 57044, 51604, 41733, 43478, 41754, 12768]",252,16,2024-08-31,2024-03-29,2024-08-31,2024-03-30
fortanga.org,156,9658,61.91025641,"[50544, 39927, 34533, 47111, 29124, 57026, 51645, 12668, 41668, 29226, 57044, 15774, 41682, 51604, 41733, 8331, 43478, 41754, 12768, 51570]",243,20,2024-08-31,2024-03-29,2024-08-31,2024-03-30
mediazona.ca,156,8235,52.78846154,"[50544, 39927, 34533, 29124, 57026, 51645, 12668, 29226, 15774, 57044, 31205, 41682, 8331, 41733, 51604, 43478, 41754, 12768, 51570]",221,19,2024-08-31,2024-03-29,2024-08-31,2024-03-30
censor.net,366,23929,65.37978142,"[31363, 56420, 50544, 34533, 39927, 29124, 24955, 42682, 42683, 57026, 57378, 42116, 51645, 12668, 41668, 29226, 15774, 57044, 49048, 41682, 8331, 41733, 51035, 41754, 43478, 41786, 56330, 41843, 12768, 51570]",411,30,2024-08-31,2023-09-01,2024-08-31,2023-09-01
reporter-ua.com,156,7631,48.91666667,"[50544, 34533, 47111, 57026, 51645, 12668, 29226, 57044, 15774, 41682, 8331, 41733, 41754, 12768, 51570]",207,15,2024-08-31,2024-03-29,2024-08-31,2024-03-30
slovodel.com,366,20930,57.18579235,"[56420, 50544, 196949, 34533, 24955, 29124, 47111, 42682, 42683, 57026, 57378, 51645, 12668, 41668, 29226, 15774, 42038, 57044, 34150, 8331, 41733, 51035, 41754, 41786, 41843, 12768, 51570]",299,27,2024-08-31,2023-09-01,2024-08-31,2023-09-01
ipvnews.org,366,13410,36.63934426,"[31363, 200993, 56699, 34533, 39927, 42116, 47321, 41668, 28891, 41733, 47286, 201825, 12768, 56420, 29124, 13155, 42683, 210616, 8790, 43667, 51035, 41754, 205638, 51032, 51570, 44604, 200513, 51645, 12668, 47586, 212238, 29226, 57044, 8331, 206673, 44546, 41786, 50544, 24955, 42682, 57026, 57378, 15774, 49048, 60599, 206448]",293,46,2024-08-31,2023-09-01,2024-08-31,2023-09-01
fergana.agency,366,14790,40.40983607,"[56420, 50544, 39927, 34533, 29124, 24955, 42683, 57026, 57378, 42116, 51645, 41668, 29226, 15774, 57044, 49048, 41682, 51604, 41733, 8331, 50512, 51035, 41754, 43478, 41786, 56330, 41843, 12768]",377,28,2024-08-31,2023-09-01,2024-08-31,2023-09-01
dron.media,156,10137,64.98076923,"[50544, 39927, 34533, 29124, 57026, 51645, 12668, 41668, 29226, 15774, 57044, 8331, 41733, 43478, 41754, 12768]",253,16,2024-08-31,2024-03-29,2024-08-31,2024-03-30
kolezev.ru,156,8979,57.55769231,"[50544, 34533, 39927, 29124, 57026, 51645, 12668, 41668, 29226, 15774, 31205, 25408, 57044, 41682, 8331, 41733, 51604, 43478, 41754, 12768, 51570]",230,21,2024-08-31,2024-03-29,2024-08-31,2024-03-30
www.azattyq.org,366,8325,22.74590164,"[50544, 34533, 39927, 29124, 57026, 57378, 51645, 29226, 51604, 41733, 41754, 12768, 51570]",280,13,2024-08-31,2023-09-01,2024-08-26,2024-02-24
nikk.agency,156,7846,50.29487179,"[50544, 39927, 34533, 57026, 51645, 12668, 29226, 15774, 57044, 31205, 41682, 51604, 41733, 8331, 43478, 12768]",218,16,2024-08-31,2024-03-29,2024-08-30,2024-03-30
glasnaya.media,366,17278,47.20765027,"[50544, 39927, 29124, 42682, 57026, 51645, 41733, 43478, 41754, 12768]",363,10,2024-08-31,2023-09-01,2024-08-31,2024-07-08
avtozak.info,366,19709,53.84972678,"[50544, 39927, 29124, 42682, 57026, 51645, 41668, 29226, 57044, 8331, 41733, 43478, 41754, 12768, 51570]",436,15,2024-08-31,2023-09-01,2024-08-31,2024-05-30
zasekin.ru,366,16246,44.38797814,"[50544, 34533, 39927, 29124, 42682, 57026, 57378, 42116, 51645, 12668, 41668, 29226, 15774, 50512, 41733, 51035, 41754, 41786, 41843, 12768]",249,20,2024-08-31,2023-09-01,2024-08-30,2023-09-01
nevzorov.tv,156,8141,52.18589744,"[50544, 39927, 34533, 29124, 57026, 51645, 12668, 29226, 15774, 31205, 57044, 41682, 8331, 41733, 51604, 43478, 41754, 12768]",218,18,2024-08-31,2024-03-29,2024-08-30,2024-03-30
wsjournal.ru,156,6656,42.66666667,"[50544, 34533, 29124, 57026, 51645, 29226, 57044, 51604, 41733, 41754, 12768, 51570]",198,12,2024-08-31,2024-03-29,2024-08-31,2024-05-25
www.compromat.ru,366,10276,28.07650273,"[50544, 57026, 51645, 47321, 57044, 15774, 41733, 41754, 12768, 51570]",276,10,2024-08-31,2023-09-01,2024-08-31,2023-09-13
lentachel.ru,366,22576,61.68306011,"[50544, 39927, 34533, 29124, 24955, 42682, 42683, 57026, 57378, 42116, 51645, 12668, 41668, 29226, 15774, 31205, 25408, 57044, 34150, 41682, 8331, 41733, 51604, 51035, 41754, 43478, 12768, 51570]",343,28,2024-08-31,2023-09-01,2024-08-31,2023-09-01
openmedia.io,366,20760,56.72131148,"[56420, 50544, 34533, 24955, 29124, 42682, 42683, 57026, 57378, 42116, 51645, 12668, 41668, 29226, 15774, 31205, 57044, 41682, 8331, 41733, 51604, 43478, 41754, 41786, 12768, 51570]",320,26,2024-08-31,2023-09-01,2024-08-31,2023-09-01
www.minjust.net,360,12002,33.33888889,"[44579, 56699, 29497, 42132, 50498, 8359, 41668, 28891, 60771, 41733, 12768, 12494, 209788, 12714, 29124, 25513, 34150, 50512, 43478, 41754, 42668, 49505, 212234, 51032, 208087, 39799, 29194, 200513, 51645, 35728, 212238, 47586, 12668, 12737, 59823, 15640, 28884, 50544, 57026, 50439, 48642, 34757, 201131, 48873, 35539, 206448, 44257]",252,47,2024-08-31,2023-09-01,2024-05-29,2023-09-01
nashaniva.com,156,5353,34.31410256,"[50544, 39927, 34533, 29124, 57026, 51645, 12668, 29226, 15774, 57044, 41682, 51604, 41733, 43478, 41754, 12768, 51570]",219,17,2024-08-31,2024-03-29,2024-08-29,2024-03-30
rusmonitor.com,366,19444,53.12568306,"[16345, 56420, 50544, 34533, 24955, 29124, 39927, 42682, 42683, 57026, 57378, 42116, 51645, 12668, 41668, 29226, 15774, 57044, 41733, 51035, 41754, 41786, 41843, 12768, 51570]",305,25,2024-08-31,2023-09-01,2024-08-31,2023-09-01
mediapatriot.ru,366,21790,59.53551913,"[31363, 56420, 50544, 34533, 24955, 29124, 39927, 42682, 39435, 42683, 57026, 57378, 42116, 51645, 12668, 41668, 29226, 15774, 57044, 31205, 41682, 51604, 41733, 8331, 51035, 41754, 43478, 41786, 15378, 12768, 51570]",333,31,2024-08-31,2023-09-01,2024-08-31,2023-09-01
thepolitics.ru,156,7338,47.03846154,"[50544, 34533, 29124, 57026, 51645, 12668, 29226, 57044, 31205, 15774, 31133, 51604, 41733, 8331, 41754, 12768, 51570]",200,17,2024-08-31,2024-03-29,2024-08-31,2024-03-30
argumentiru.com,156,6867,44.01923077,"[52125, 49392]",276,2,2024-08-31,2024-03-29,2024-06-23,2024-05-14
hleb.asia,156,9293,59.57051282,"[50544, 34533, 39927, 57026, 51645, 12668, 41668, 29226, 57044, 31205, 15774, 41682, 8331, 41733, 51604, 43478, 41754, 12768]",234,18,2024-08-31,2024-03-29,2024-08-31,2024-03-30
doxa.team,157,10340,65.85987261,"[50544, 34533, 39927, 29124, 42682, 57026, 51645, 12668, 41668, 29226, 15774, 57044, 8331, 41733, 43478, 41754, 12768]",254,17,2024-08-31,2024-03-02,2024-08-31,2024-03-30
risk-inform.ru,366,19538,53.38251366,"[56420, 50544, 34533, 24955, 29124, 42682, 42683, 57026, 57378, 42116, 51645, 12668, 41668, 29226, 15774, 57044, 41682, 8331, 41733, 41754, 41786, 12768, 51570]",308,23,2024-08-31,2023-09-01,2024-08-31,2023-09-01
cherta.media,366,26468,72.31693989,"[56420, 50544, 39927, 34533, 29124, 24955, 42682, 42683, 57026, 57378, 42116, 51645, 12668, 41668, 29226, 15774, 57044, 49048, 41682, 8331, 41733, 43478, 41754, 51035, 56330, 41843, 12768, 51570]",406,28,2024-08-31,2023-09-01,2024-08-31,2023-09-01
planeta.press,156,7548,48.38461538,"[50544, 34533, 29124, 57026, 51645, 12668, 41668, 29226, 15774, 57044, 41682, 8331, 41733, 51604, 43478, 41754, 12768]",212,17,2024-08-31,2024-03-29,2024-08-30,2024-03-30
krymsos.com,366,21039,57.48360656,"[56420, 50544, 34533, 39927, 29124, 24955, 42682, 42683, 57026, 57378, 42116, 51645, 12668, 41668, 29226, 15774, 57044, 49048, 41682, 51604, 41733, 8331, 43478, 41754, 51035, 41786, 41843, 12768, 51570]",345,29,2024-08-31,2023-09-01,2024-08-31,2023-09-01
www.sibreal.org,366,16144,44.10928962,"[50544, 39927, 34533, 29124, 24955, 42682, 57026, 57378, 51645, 25513, 12668, 41668, 29226, 15774, 50512, 41733, 8331, 51035, 41754, 41786, 41843, 12768, 51570]",245,23,2024-08-31,2023-09-01,2024-08-31,2023-09-01
www.rupor.info,156,5230,33.52564103,[15774],174,1,2024-08-31,2024-03-29,2024-05-05,2024-04-30
meduza.io,366,10242,27.98360656,"[44257, 56420, 50544, 34533, 24955, 29124, 39927, 42683, 57026, 57378, 42116, 51645, 25513, 41668, 29226, 15774, 31205, 57044, 41682, 8331, 41733, 51604, 43478, 41754, 41786, 41843, 12768, 51570]",330,28,2024-08-31,2023-09-01,2024-08-31,2023-09-01
www.voanews.com,366,29778,81.36065574,"[44579, 56699, 34533, 39927, 8359, 41668, 60771, 8752, 41733, 24739, 8905, 48558, 50473, 12494, 12768, 16345, 210616, 25513, 13296, 35000, 25159, 8402, 35807, 51035, 41754, 42668, 197023, 48120, 39493, 212234, 58290, 205638, 33871, 8749, 35810, 50477, 56889, 42065, 31213, 52207, 39799, 47111, 34959, 61152, 58096, 51645, 12668, 47586, 49218, 31514, 12389, 51604, 8331, 60490, 41786, 15378, 216185, 50544, 24955, 49120, 42682, 9123, 28812, 199992, 57026, 44923, 15774, 47478, 35539, 48416, 3216, 49368, 48128]",254,73,2024-08-31,2023-09-01,2024-08-31,2024-03-19
espreso.tv,156,10399,66.66025641,"[50544, 34533, 39927, 29124, 42682, 57026, 51645, 12668, 41668, 29226, 15774, 31205, 57044, 41682, 8331, 41733, 51604, 43478, 41754, 12768]",250,20,2024-08-31,2024-03-29,2024-08-31,2024-03-30
glavcom.ua,366,23896,65.28961749,"[56420, 50544, 39927, 24955, 29124, 34533, 42682, 42683, 57026, 57378, 42116, 51645, 12668, 41668, 29226, 15774, 57044, 49048, 41682, 8331, 41733, 50512, 51035, 41754, 43478, 56330, 12768, 51570]",365,28,2024-08-31,2023-09-01,2024-08-31,2023-09-01
www.24chasa.bg,68,4133,60.77941176,"[50544, 34533, 29124, 57026, 51645, 12668, 57044, 8331, 41733, 41754, 12768]",155,11,2024-08-31,2024-06-25,2024-08-31,2024-06-25
zaxid.net,366,15792,43.14754098,"[50544, 39927, 34533, 29124, 42682, 57026, 57378, 51645, 12668, 41668, 29226, 15774, 50512, 41733, 51035, 41754, 41786, 12768]",248,18,2024-08-31,2023-09-01,2024-08-30,2023-09-01
www.listock.ru,366,17986,49.1420765,"[31363, 56699, 34533, 39927, 47321, 41668, 41733, 47684, 8905, 48739, 12768, 29124, 210616, 13296, 8790, 50512, 51035, 41754, 41843, 51032, 51570, 208087, 44020, 51645, 12668, 49218, 29226, 51604, 8331, 41786, 50544, 24955, 42682, 57026, 57378, 15774, 31205]",256,37,2024-08-31,2023-09-01,2024-08-31,2023-09-01
inforeactor.ru,366,24590,67.18579235,"[31363, 196949, 39927, 34533, 42116, 41668, 41733, 42610, 12768, 56420, 29124, 42683, 34150, 41682, 51035, 41754, 43478, 41843, 31484, 51570, 47111, 39435, 51645, 12668, 29226, 57044, 51604, 8331, 41786, 50544, 24955, 42682, 57026, 57378, 42038, 15774, 31205, 49048]",348,38,2024-08-31,2023-09-01,2024-08-31,2023-09-01
echo.msk.ru,366,16159,44.15027322,"[31363, 56420, 50544, 34533, 39927, 29124, 42682, 39435, 42683, 57026, 57378, 42116, 51645, 41668, 29226, 15774, 34150, 57044, 49048, 50512, 41733, 8331, 43478, 41754, 51035, 41786, 56330, 12768, 51570]",390,29,2024-08-31,2023-09-01,2024-08-30,2023-09-01
glavred.info,366,23349,63.79508197,"[31484, 56420, 50544, 39927, 24955, 29124, 34533, 42682, 42683, 57026, 57378, 42116, 51645, 12668, 41668, 29226, 15774, 31205, 49048, 41682, 50512, 41733, 8331, 51035, 41754, 43478, 56330, 12768, 51570]",362,29,2024-08-31,2023-09-01,2024-08-31,2023-09-01
www.lrt.lt,68,3854,56.67647059,"[50544, 57026, 51645, 12668, 31205, 8331, 41733, 41754, 12768]",142,9,2024-08-31,2024-06-25,2024-08-31,2024-06-25
sotaproject.com,156,7289,46.72435897,"[50544, 39927, 34533, 29124, 57026, 51645, 12668, 29226, 57044, 15774, 8331, 41733, 41754, 12768, 51570]",202,15,2024-08-31,2024-03-29,2024-08-31,2024-03-30
newtimes.ru,366,20790,56.80327869,"[56420, 50544, 39927, 34533, 29124, 24955, 42682, 42683, 57026, 57378, 42116, 51645, 12668, 41668, 29226, 15774, 57044, 41682, 51604, 41733, 8331, 43478, 41754, 41786, 15378, 12768]",323,26,2024-08-31,2023-09-01,2024-08-30,2023-09-01
www.ukrinform.ru,366,16166,44.16939891,"[50544, 39927, 34533, 29124, 24955, 42682, 57026, 57378, 51645, 12668, 41668, 29226, 15774, 50512, 41733, 51035, 41754, 41786, 12768]",247,19,2024-08-31,2023-09-01,2024-08-31,2023-09-01
rus.ozodlik.org,156,4045,25.92948718,"[50544, 34533, 39927, 29124, 57026, 51645, 12668, 29226, 57044, 15774, 41733, 41754, 12768, 51570]",205,14,2024-08-31,2024-03-29,2024-08-29,2024-03-30
www.doovi.com,366,18137,49.55464481,"[50544, 34533, 24955, 42682, 57026, 57378, 51645, 12668, 41668, 29226, 15774, 34150, 57044, 31205, 50512, 41733, 41754, 12768, 51570]",271,19,2024-08-31,2023-09-01,2024-08-31,2023-09-01
uacrisis.org,366,17528,47.89071038,"[56699, 34533, 42132, 50498, 47321, 41668, 60771, 8752, 41733, 47684, 8905, 205439, 12768, 20485, 16345, 56420, 29124, 210616, 13296, 8790, 29125, 43667, 34150, 51669, 50512, 43478, 8402, 41754, 25159, 51035, 41843, 51032, 33871, 51570, 3253, 208087, 31213, 52207, 51645, 12668, 19999, 12737, 29226, 49218, 57044, 51604, 8331, 8334, 6856, 41786, 28884, 50544, 24955, 42682, 199992, 57026, 57378, 50439, 57309, 34757, 15774, 25408, 42482, 21127, 3216, 57128]",294,66,2024-08-31,2023-09-01,2024-08-31,2023-09-01
allrus.news,156,13083,83.86538462,"[50544, 39927, 34533, 29124, 42682, 57026, 51645, 12668, 29226, 15774, 57044, 8331, 41733, 43478, 41754, 12768, 51570]",278,17,2024-08-31,2024-03-29,2024-08-31,2024-03-29
euroradio.fm,366,17178,46.93442623,"[31363, 56420, 50544, 34533, 29124, 42682, 42683, 57026, 57378, 42116, 51645, 12668, 41668, 29226, 57044, 15774, 49048, 41682, 8331, 41733, 50512, 51604, 43478, 41754, 51035, 41786, 12768]",383,27,2024-08-31,2023-09-01,2024-08-31,2023-09-01
thebell.io,366,18979,51.85519126,"[31363, 56420, 16345, 50544, 34533, 29124, 42682, 57026, 57378, 51645, 12668, 41668, 29226, 15774, 57044, 31133, 8331, 41733, 41754, 41786, 12768, 51570]",298,22,2024-08-31,2023-09-01,2024-08-31,2023-09-01
prosleduet.media,156,7791,49.94230769,"[50544, 34533, 29124, 57026, 51645, 12668, 29226, 15774, 41682, 51604, 41733, 41754, 12768]",211,13,2024-08-31,2024-03-29,2024-08-30,2024-03-30
tvrain.ru,211,5526,26.18957346,"[56420, 50544, 34533, 29124, 42682, 57026, 57378, 51645, 41668, 29226, 41733, 41754, 41786, 12768]",210,14,2024-03-29,2023-09-01,2024-03-25,2023-09-01
gazeta.ua,366,23976,65.50819672,"[56420, 50544, 39927, 24955, 29124, 34533, 42682, 42683, 57026, 57378, 42116, 51645, 12668, 41668, 29226, 15774, 49048, 41682, 8331, 41733, 50512, 51604, 43478, 41754, 51035, 41786, 41843, 12768, 51570]",368,29,2024-08-31,2023-09-01,2024-08-31,2023-09-01
thenewtab.io,156,7333,47.00641026,"[16345, 50544, 34533, 29124, 57026, 51645, 12668, 41668, 29226, 57044, 15774, 8331, 41733, 41754, 12768]",201,15,2024-08-31,2024-03-29,2024-08-30,2024-03-30
activatica.org,366,32389,88.49453552,"[56420, 50544, 34533, 39927, 29124, 24955, 42682, 42683, 57026, 57378, 42116, 51645, 12668, 41668, 29226, 15774, 50543, 31205, 57044, 49048, 41682, 8331, 41733, 43478, 41754, 51035, 41786, 56330, 31208, 41843, 12768, 51570]",457,32,2024-08-31,2023-09-01,2024-08-31,2023-09-01
www.15min.lt,68,3946,58.02941176,"[50544, 39927, 34533, 29124, 57026, 51645, 12668, 57044, 8331, 41733, 12768]",155,11,2024-08-31,2024-06-25,2024-08-31,2024-06-25
doxajournal.ru,366,26860,73.38797814,"[31363, 56420, 50544, 34533, 39927, 29124, 24955, 42682, 42683, 57026, 57378, 42116, 51645, 12668, 41668, 29226, 15774, 57044, 34150, 49048, 8331, 41733, 50512, 43478, 41754, 51035, 41786, 12768, 51570]",392,29,2024-08-31,2023-09-01,2024-08-31,2023-09-01
qha.com.ua,366,21471,58.66393443,"[56420, 50544, 34533, 24955, 39927, 42682, 42683, 57026, 57378, 42116, 51645, 12668, 41668, 29226, 15774, 41682, 8331, 41733, 51604, 41754, 41786, 41843, 12768]",312,23,2024-08-31,2023-09-01,2024-08-30,2023-09-01
rus.azattyq.org,156,4203,26.94230769,"[50544, 34533, 29124, 57026, 51645, 29226, 15774, 57044, 41733, 12768]",205,10,2024-08-31,2024-03-29,2024-08-27,2024-03-30
tayga.info,366,18529,50.62568306,"[16345, 56420, 50544, 34533, 29124, 42682, 42683, 57026, 57378, 51645, 12668, 41668, 29226, 57044, 15774, 31133, 8331, 41733, 41754, 41786, 12768]",298,21,2024-08-31,2023-09-01,2024-08-30,2023-09-01
schwingen.net,156,7313,46.87820513,"[50544, 34533, 29124, 57026, 51645, 12668, 29226, 57044, 15774, 8331, 41733, 41754, 12768, 51570]",205,14,2024-08-31,2024-03-29,2024-08-31,2024-03-30
www.dw.com,366,34265,93.62021858,"[50544, 34533, 24955, 29124, 39927, 42682, 57026, 57378, 51645, 12668, 41668, 29226, 34150, 15774, 31205, 57044, 50512, 41733, 41754, 41786, 12768]",276,21,2024-08-31,2023-09-01,2024-08-31,2023-09-01
ua.krymr.com,366,23973,65.5,"[56420, 50544, 34533, 24955, 29124, 42682, 57026, 57378, 51645, 12668, 41668, 29226, 57044, 8331, 41733, 41754, 41786, 41843, 12768]",295,19,2024-08-31,2023-09-01,2024-08-29,2023-09-01
www.unn.com.ua,366,16394,44.79234973,"[31363, 50544, 39927, 34533, 29124, 42682, 57026, 57378, 51645, 12668, 41668, 29226, 15774, 50512, 41733, 8331, 51035, 41754, 12768, 51570]",247,20,2024-08-31,2023-09-01,2024-08-31,2023-09-01
www.vice.com,366,14098,38.51912568,"[50544, 42682, 57026, 51645, 12668, 15774, 8331, 41733, 41754, 12768]",249,10,2024-08-31,2023-09-01,2024-08-31,2024-05-05
theins.ru,366,18466,50.45355191,"[56420, 50544, 34533, 29124, 42682, 57026, 57378, 51645, 12668, 41668, 29226, 57044, 15774, 8331, 41733, 41754, 41786, 12768]",296,18,2024-08-31,2023-09-01,2024-08-30,2023-09-01
news.liga.net,156,8022,51.42307692,"[50544, 39927, 34533, 29124, 57026, 51645, 12668, 29226, 15774, 31205, 57044, 41682, 8331, 41733, 51604, 43478, 41754, 12768]",218,18,2024-08-31,2024-03-29,2024-08-30,2024-03-30
sverigesradio.se,68,2346,34.5,"[16345, 50544, 34533, 29124, 57026, 51645, 12668, 57044, 41733, 41754, 12768]",156,11,2024-08-31,2024-06-25,2024-08-29,2024-06-25
twitter.com,366,430154,1175.284153,"[31363, 212740, 34533, 39927, 42116, 50498, 41668, 50543, 41733, 34590, 12768, 20485, 12772, 16345, 56420, 29124, 42683, 34150, 41727, 31133, 56981, 41682, 49392, 50512, 43478, 41754, 51035, 56330, 41843, 51570, 52207, 51645, 12668, 29226, 57044, 8331, 51604, 39028, 50542, 41786, 15378, 49342, 50544, 24955, 20807, 42682, 57026, 57378, 15774, 51819, 31205, 25408, 49048, 41661]",822,54,2024-08-31,2023-09-01,2024-08-31,2023-09-01
telegraf.com.ua,156,7341,47.05769231,"[50544, 34533, 29124, 57026, 51645, 12668, 29226, 57044, 15774, 8331, 41733, 41754, 12768]",202,13,2024-08-31,2024-03-29,2024-08-30,2024-03-30
antikor.com.ua,156,12988,83.25641026,"[50544, 39927, 34533, 29124, 42682, 57026, 51645, 12668, 29226, 15774, 57044, 8331, 41733, 43478, 41754, 12768]",277,16,2024-08-31,2024-03-29,2024-08-31,2024-03-29
redkollegia.org,366,19735,53.92076503,"[56420, 50544, 34533, 24955, 29124, 47111, 42682, 42683, 57026, 57378, 42116, 51645, 12668, 41668, 29226, 15774, 57044, 41682, 8331, 41733, 41754, 41786, 41843, 12768, 51570]",311,25,2024-08-31,2023-09-01,2024-08-31,2023-09-01
rus.ozodi.org,156,3841,24.62179487,"[50544, 34533, 39927, 29124, 57026, 51645, 29226, 15774, 57044, 51604, 41733, 41754, 12768]",205,13,2024-08-31,2024-03-29,2024-08-27,2024-03-30
kafanews.com,156,8433,54.05769231,"[50544, 34533, 39927, 29124, 57026, 51645, 12668, 41668, 29226, 57044, 15774, 41682, 8331, 41733, 51604, 43478, 41754, 12768, 51570]",230,19,2024-08-31,2024-03-29,2024-08-31,2024-03-30
novayagazeta.ee,156,7917,50.75,"[50544, 34533, 39927, 29124, 57026, 51645, 12668, 29226, 57044, 15774, 41682, 8331, 41733, 51604, 43478, 41754, 12768]",216,17,2024-08-31,2024-03-29,2024-08-30,2024-03-30
donpress.com,156,10930,70.06410256,"[50544, 34533, 39927, 29124, 57026, 51645, 12668, 41668, 29226, 57044, 15774, 8331, 41733, 43478, 41754, 12768]",254,16,2024-08-31,2024-03-29,2024-08-31,2024-03-30
www.idelreal.org,366,16630,45.43715847,"[50544, 34533, 39927, 29124, 42682, 57026, 57378, 51645, 12668, 41668, 29226, 57044, 15774, 8331, 41733, 50512, 41754, 12768, 51570]",263,19,2024-08-31,2023-09-01,2024-08-31,2023-09-01
utro02.tv,156,6748,43.25641026,"[50544, 34533, 29124, 57026, 51645, 12668, 29226, 57044, 15774, 51604, 41733, 8331, 12768, 51570]",200,14,2024-08-31,2024-03-29,2024-08-31,2024-03-30
rusnsn.info,366,20470,55.92896175,"[16345, 56420, 50544, 34533, 24955, 29124, 42682, 42683, 57026, 57378, 42116, 51645, 12668, 41668, 29226, 15774, 57044, 8331, 41733, 41754, 41786, 12768]",304,22,2024-08-31,2023-09-01,2024-08-30,2023-09-01
story.te-st.org,156,7414,47.52564103,"[16345, 50544, 34533, 39927, 29124, 57026, 51645, 12668, 29226, 57044, 15774, 8331, 41733, 41754, 12768]",202,15,2024-08-31,2024-03-29,2024-08-30,2024-03-30
podrobnosti.ua,156,8061,51.67307692,"[50544, 39927, 34533, 29124, 57026, 51645, 12668, 29226, 15774, 57044, 41682, 51604, 41733, 43478, 41754, 12768]",212,16,2024-08-31,2024-03-29,2024-08-30,2024-03-30
semnasem.org,366,19193,52.43989071,"[56420, 50544, 34533, 24955, 29124, 39927, 42682, 42683, 57026, 57378, 42116, 51645, 12668, 41668, 29226, 15774, 57044, 31133, 8331, 41733, 41754, 41786, 41843, 12768, 51570]",301,25,2024-08-31,2023-09-01,2024-08-31,2023-09-01
verstka.media,366,18607,50.83879781,"[56420, 50544, 34533, 24955, 29124, 42682, 57026, 57378, 51645, 12668, 41668, 29226, 15774, 57044, 8331, 41733, 51604, 41754, 41786, 41843, 12768]",294,21,2024-08-31,2023-09-01,2024-08-30,2023-09-01
informator.ua,156,8844,56.69230769,"[50544, 39927, 34533, 29124, 42682, 57026, 51645, 12668, 29226, 15774, 57044, 41682, 8331, 41733, 51604, 43478, 41754, 12768, 51570]",233,19,2024-08-31,2024-03-29,2024-08-31,2024-03-30
www.9tv.co.il,366,18596,50.80874317,"[56420, 50544, 34533, 24955, 29124, 42682, 57026, 57378, 51645, 12668, 41668, 29226, 15774, 57044, 8331, 41733, 51604, 41754, 41786, 12768]",287,20,2024-08-31,2023-09-01,2024-08-31,2023-09-01
paperpaper.ru,366,19735,53.92076503,"[56420, 50544, 34533, 24955, 39927, 42682, 42683, 57026, 57378, 42116, 51645, 12668, 41668, 29226, 15774, 57044, 41682, 51604, 41733, 8331, 43478, 41754, 41786, 12768]",320,24,2024-08-31,2023-09-01,2024-08-30,2023-09-01
rueconomics.ru,366,21497,58.73497268,"[56420, 50544, 196949, 34533, 24955, 29124, 39927, 42682, 42683, 57026, 57378, 42116, 51645, 12668, 41668, 29226, 42038, 15774, 57044, 8331, 41733, 51035, 41754, 41786, 41843, 12768, 51570]",305,27,2024-08-31,2023-09-01,2024-08-31,2023-09-01
newsmaker.md,156,7982,51.16666667,"[50544, 34533, 39927, 29124, 57026, 51645, 12668, 29226, 57044, 15774, 41682, 8331, 41733, 51604, 43478, 41754, 12768]",218,17,2024-08-31,2024-03-29,2024-08-30,2024-03-30
sobesednik.ru,366,18853,51.51092896,"[56420, 50544, 34533, 24955, 29124, 42682, 42683, 57026, 57378, 51645, 12668, 41668, 29226, 34150, 15774, 57044, 8331, 41733, 41754, 41786, 41843, 12768, 51570]",300,23,2024-08-31,2023-09-01,2024-08-31,2023-09-01
www.golosameriki.com,366,17662,48.2568306,"[50544, 34533, 24955, 29124, 39927, 42682, 57026, 57378, 51645, 12668, 41668, 29226, 15774, 50512, 41733, 41754, 12768, 51570]",266,18,2024-08-31,2023-09-01,2024-08-30,2023-09-01
thetruestory.news,366,18343,50.11748634,"[16345, 56420, 50544, 34533, 39927, 29124, 42682, 57026, 57378, 51645, 12668, 41668, 29226, 15774, 57044, 8331, 41733, 51604, 41754, 41786, 12768, 51570]",296,22,2024-08-31,2023-09-01,2024-08-31,2023-09-01
www.radiomarsho.com,366,16252,44.40437158,"[50544, 34533, 39927, 29124, 24955, 42682, 57026, 57378, 51645, 12668, 41668, 29226, 15774, 8331, 41733, 50512, 51035, 41754, 41843, 12768, 51570]",249,21,2024-08-31,2023-09-01,2024-08-31,2023-09-01
editorials.voa.gov,366,24648,67.3442623,"[31363, 56420, 50544, 34533, 24955, 39927, 39435, 42682, 42683, 57026, 57378, 42116, 51645, 12668, 41668, 29226, 15774, 34150, 57044, 49048, 8331, 41733, 50512, 51604, 43478, 41754, 51035, 41786, 56330, 41843, 12768, 51570]",389,32,2024-08-31,2023-09-01,2024-08-31,2023-09-01
www.currenttime.tv,366,19389,52.97540984,"[50544, 34533, 24955, 29124, 42682, 57026, 57378, 51645, 12668, 41668, 29226, 15774, 50512, 41733, 51035, 41754, 41786, 41843, 12768]",280,19,2024-08-31,2023-09-01,2024-08-31,2023-09-01
caucasustimes.com,366,26260,71.74863388,"[12494, 31363, 56420, 50544, 34533, 24955, 29124, 39927, 42682, 42683, 57026, 57378, 42116, 51645, 12668, 41668, 29226, 15774, 57044, 49048, 41682, 12389, 8331, 41733, 51035, 41754, 43478, 41786, 56330, 12768, 51570]",415,31,2024-08-31,2023-09-01,2024-08-31,2023-09-01
orientalexpress.info,156,5036,32.28205128,[15774],213,1,2024-08-31,2024-03-29,2024-04-27,2024-04-25
www.pravda.com.ua,366,10760,29.3989071,"[50544, 34533, 24955, 29124, 39927, 42682, 57026, 57378, 51645, 12668, 41668, 29226, 15774, 34150, 50512, 41733, 51035, 41754, 41786, 12768, 51570]",249,21,2024-08-31,2023-09-01,2024-08-29,2023-09-01
www.20khvylyn.com,366,18406,50.28961749,"[56420, 50544, 34533, 24955, 29124, 42682, 57026, 57378, 51645, 12668, 41668, 29226, 57044, 15774, 34150, 51604, 41733, 8331, 41754, 41786, 12768, 51570]",288,22,2024-08-31,2023-09-01,2024-08-31,2023-09-01
blogs.voanews.com,366,17138,46.82513661,[49392],420,1,2024-08-31,2023-09-01,2024-05-14,2024-05-14
www.sobytiya.info,366,7914,21.62295082,"[8402, 15774, 47321]",243,3,2024-08-31,2023-09-01,2024-05-29,2023-09-11
www.obozrevatel.com,366,7745,21.16120219,"[50544, 34533, 24955, 29124, 39927, 57026, 57378, 51645, 41668, 29226, 15774, 31205, 50512, 41733, 41754, 12768, 51570]",251,17,2024-08-31,2023-09-01,2024-08-31,2023-09-01
world.comments.ua,156,7245,46.44230769,"[50544, 34533, 29124, 57026, 51645, 12668, 29226, 57044, 15774, 51604, 41733, 8331, 12768]",198,13,2024-08-31,2024-03-29,2024-08-31,2024-03-30
www.alarabiya.net,366,18535,50.6420765,[15774],288,1,2024-08-31,2023-09-01,2024-04-27,2023-09-08
www.radiosvoboda.org,366,7345,20.06830601,"[50544, 39927, 24955, 29124, 34533, 42682, 57026, 57378, 51645, 41668, 29226, 15774, 31205, 50512, 41733, 51035, 41754, 41786, 12768, 51570]",246,20,2024-08-31,2023-09-01,2024-08-31,2023-09-01
www.ust-kut24.com,156,7366,47.21794872,"[50544, 39927, 34533, 42682, 57026, 51645, 12668, 15774, 8331, 41733, 41754, 12768]",173,12,2024-08-31,2024-03-29,2024-08-31,2024-03-30
eu-objective.online,156,10439,66.91666667,"[50544, 39927, 34533, 29124, 57026, 51645, 12668, 41668, 29226, 15774, 57044, 41682, 8331, 41733, 51604, 43478, 41754, 12768]",250,18,2024-08-31,2024-03-29,2024-08-31,2024-03-30
www.severreal.org,366,16102,43.99453552,"[50544, 34533, 39927, 29124, 24955, 42682, 57026, 57378, 51645, 25513, 12668, 41668, 29226, 15774, 34150, 50512, 41733, 51035, 41754, 41786, 41843, 12768, 51570]",245,23,2024-08-31,2023-09-01,2024-08-31,2023-09-01
www.trv-science.ru,156,4717,30.23717949,[15774],174,1,2024-08-31,2024-03-29,2024-05-05,2024-04-30
video.mivzakon.co.il,366,18131,49.53825137,"[56699, 34959, 42132, 47321, 8790, 29226, 15774, 47478, 60771, 3335, 201131, 8334, 8402, 47684, 48120, 3216, 8905, 205638, 5429]",293,19,2024-08-31,2023-09-01,2024-08-23,2023-09-01
www.wonderzine.com,366,15877,43.37978142,"[31363, 50544, 39927, 34533, 29124, 24955, 42682, 57026, 57378, 51645, 12668, 41668, 29226, 15774, 50512, 41733, 8331, 51035, 41754, 41786, 12768]",247,21,2024-08-31,2023-09-01,2024-08-31,2023-09-01
www.the-village.ru,366,16126,44.06010929,"[50544, 34533, 39927, 29124, 24955, 42682, 57026, 57378, 51645, 12668, 41668, 29226, 15774, 50512, 41733, 8331, 51035, 41754, 12768]",247,19,2024-08-31,2023-09-01,2024-08-31,2023-09-01
www.novayagazeta.ru,366,8694,23.75409836,"[50544, 34533, 24955, 42682, 57026, 57378, 51645, 12668, 41668, 29226, 15774, 31205, 50512, 41733, 41754, 12768, 51570]",250,17,2024-08-31,2023-09-01,2024-08-30,2023-09-01
www.golos-ameriki.ru,366,8664,23.67213115,"[50544, 39927, 34533, 42682, 57026, 57378, 51645, 41668, 29226, 34150, 57044, 50512, 41733, 41754, 41786, 12768, 51570]",265,17,2024-08-31,2023-09-01,2024-08-28,2023-09-03
www.kavkaz-uzel.eu,366,11190,30.57377049,"[50544, 34533, 24955, 29124, 42682, 57026, 57378, 51645, 12668, 41668, 29226, 57044, 15774, 31205, 50512, 41733, 41754, 41843, 12768, 51570]",256,20,2024-08-31,2023-09-01,2024-08-29,2023-09-01
ua.korrespondent.net,366,19298,52.72677596,"[56420, 50544, 34533, 24955, 29124, 42682, 57026, 57378, 51645, 12668, 41668, 29226, 15774, 57044, 51604, 41733, 8331, 41754, 41786, 41843, 12768]",294,21,2024-08-31,2023-09-01,2024-08-31,2023-09-01
samizdatonline.org,319,7594,23.80564263,"[50544, 34533, 29124, 42682, 42683, 57026, 57378, 42116, 51645, 29226, 15774, 57044, 41733, 41754, 41786, 41843, 12768]",281,17,2024-08-31,2023-10-18,2024-08-26,2023-10-18
www.blackseanews.net,366,18071,49.37431694,"[50544, 34533, 39927, 29124, 24955, 42682, 57026, 57378, 51645, 12668, 41668, 29226, 57044, 34150, 15774, 41733, 41754, 12768]",282,18,2024-08-31,2023-09-01,2024-08-31,2023-09-01
sputnikipogrom.com,366,10608,28.98360656,"[56420, 50544, 34533, 29124, 42682, 42683, 57026, 57378, 51645, 12668, 41668, 29226, 15774, 57044, 41733, 41754, 41786, 12768, 51570]",298,19,2024-08-31,2023-09-01,2024-08-29,2023-09-01
www.sotnik-tv.com,366,16363,44.70765027,"[50544, 39927, 34533, 29124, 24955, 42682, 57026, 57378, 51645, 12668, 41668, 29226, 15774, 50512, 41733, 8331, 51035, 41754, 41786, 41843, 12768, 51570]",248,22,2024-08-31,2023-09-01,2024-08-31,2023-09-01
www.epravda.com.ua,366,18000,49.18032787,"[16345, 50544, 34533, 24955, 29124, 39927, 42682, 57026, 57378, 51645, 12668, 41668, 29226, 15774, 57044, 50512, 41733, 41754, 41843, 12768]",273,20,2024-08-31,2023-09-01,2024-08-31,2023-09-01
ru.bellingcat.com,156,7069,45.31410256,"[50544, 34533, 29124, 57026, 51645, 12668, 29226, 15774, 57044, 8331, 41733, 41754, 12768, 51570]",205,14,2024-08-31,2024-03-29,2024-08-31,2024-03-30
www.kavkazcenter.com,366,11329,30.95355191,"[44579, 34533, 50498, 8359, 47321, 41668, 28891, 35598, 8752, 41733, 8905, 42610, 12494, 12768, 50473, 16345, 12714, 29124, 210616, 25513, 13296, 35000, 34150, 51035, 8402, 41754, 35807, 25159, 43478, 49505, 51032, 33871, 51570, 208087, 39799, 42065, 52207, 31213, 58096, 200513, 51645, 12668, 47586, 57044, 12389, 44546, 41786, 15640, 50544, 24955, 42682, 57026, 44923, 34757, 15774, 31205, 35539, 48416, 206448, 49368, 3216, 48128, 44257]",220,63,2024-08-31,2023-09-01,2024-08-31,2023-09-01
baikal-journal.ru,156,11855,75.99358974,"[50544, 39927, 34533, 29124, 42682, 57026, 51645, 12668, 41668, 29226, 15774, 57044, 8331, 41733, 43478, 41754, 12768, 51570]",273,18,2024-08-31,2024-03-29,2024-08-31,2024-03-29
www.bellingcat.com,366,17251,47.13387978,"[50544, 34533, 24955, 42682, 57026, 57378, 51645, 12668, 41668, 29226, 57044, 15774, 34150, 8331, 41733, 51035, 41754, 41786, 12768, 51570]",281,20,2024-08-31,2023-09-01,2024-08-31,2023-09-01
www.telegraph.co.uk,366,17902,48.91256831,"[50544, 39927, 24955, 34533, 42682, 57026, 57378, 51645, 12668, 41668, 29226, 15774, 50512, 41733, 8331, 51035, 41754, 41786, 12768]",250,19,2024-08-31,2023-09-01,2024-08-31,2023-09-01
www.moscowtimes.ru,156,6772,43.41025641,"[50544, 34533, 39927, 57026, 51645, 12668, 15774, 8331, 41733, 41754, 12768, 51570]",179,12,2024-08-31,2024-03-29,2024-08-31,2024-03-30
www.bbcrussian.com,366,18002,49.18579235,"[50544, 34533, 24955, 29124, 42682, 57026, 57378, 51645, 12668, 41668, 29226, 57044, 15774, 51604, 41733, 8331, 41754, 12768]",281,18,2024-08-31,2023-09-01,2024-08-31,2023-09-01
provokator.com.ua,366,11119,30.37978142,"[56420, 50544, 39927, 34533, 29124, 42682, 42683, 57026, 57378, 42116, 51645, 41668, 29226, 57044, 15774, 41682, 51604, 41733, 41754, 41786, 41843, 12768]",312,22,2024-08-31,2023-09-01,2024-08-29,2023-09-09
mbk-news.appspot.com,366,20664,56.45901639,"[50544, 39927, 34533, 29124, 24955, 42682, 42683, 57026, 57378, 42116, 51645, 12668, 41668, 29226, 15774, 31205, 57044, 41682, 51604, 41733, 8331, 43478, 41754, 41786, 15378, 12768, 51570]",331,27,2024-08-31,2023-09-01,2024-08-31,2023-09-01
www.ekhokavkaza.com,366,11662,31.86338798,"[16345, 50544, 34533, 39927, 29124, 24955, 42682, 57026, 57378, 51645, 12668, 41668, 29226, 15774, 57044, 50512, 41733, 51035, 41754, 41786, 12768]",271,21,2024-08-31,2023-09-01,2024-08-30,2023-09-01
www.wearerepost.com,156,6236,39.97435897,"[50544, 34533, 39927, 57026, 51645, 12668, 15774, 8331, 41733, 41754, 12768]",173,11,2024-08-31,2024-03-29,2024-08-31,2024-03-30
www.themoscowtimes.com,366,8584,23.45355191,"[31363, 50544, 39927, 24955, 29124, 34533, 42682, 57026, 57378, 51645, 41668, 29226, 15774, 50512, 41733, 51035, 41754, 12768]",244,18,2024-08-31,2023-09-01,2024-08-30,2023-09-01
